{
  "config":{
    "hw_platform": ["MTP", "Surf", "QRD", "HDK"],
    "soc_id": ["321", "341"]
  },
  "tmf8805_0_firmware":{
    "owner": "sns_tmf8805",
    ".fw":{
      "owner": "sns_tmf8805",
      "record_count":{ "type": "int", "ver": "0",
        "data": "731"
      },
      "rec_0":{ "type": "str", "ver": "0",
        "data": "020000042000DA"
      },
      "rec_1":{ "type": "str", "ver": "0",
        "data": "100000006DC94297DE38ACF284EDBF0D7BFC3CCE6F"
      },
      "rec_2":{ "type": "str", "ver": "0",
        "data": "10001000ACF75CE05672ECEFD9476C63B8F52D3B5A"
      },
      "rec_3":{ "type": "str", "ver": "0",
        "data": "10002000AE86C3286C1DCD9458D300CB0BF9EB657D"
      },
      "rec_4":{ "type": "str", "ver": "0",
        "data": "10003000E74B58F9E68018ED639C4CFD7A1E7B5225"
      },
      "rec_5":{ "type": "str", "ver": "0",
        "data": "1000400037C291014135943B466A307C8B99DB7C09"
      },
      "rec_6":{ "type": "str", "ver": "0",
        "data": "1000500081007F8D2405EC60A986720B203E87D934"
      },
      "rec_7":{ "type": "str", "ver": "0",
        "data": "10006000421713215DC8D1470879BDE85E7EF8CDFF"
      },
      "rec_8":{ "type": "str", "ver": "0",
        "data": "10007000FC79E2771BFFF3E4587BDEEF6AE450641F"
      },
      "rec_9":{ "type": "str", "ver": "0",
        "data": "1000800069147AB3F0F87A3FC362D8E2D4BD125251"
      },
      "rec_10":{ "type": "str", "ver": "0",
        "data": "10009000A0250F080696A6FBDDF35893523F47A410"
      },
      "rec_11":{ "type": "str", "ver": "0",
        "data": "1000A000E7B6EA9E543FBA5861288957CE34241ED9"
      },
      "rec_12":{ "type": "str", "ver": "0",
        "data": "1000B00056A874EF8F8B2C7EFDA61D8E82F991863B"
      },
      "rec_13":{ "type": "str", "ver": "0",
        "data": "1000C0006B0836D0F5E054A053A37F66DF750ED7DA"
      },
      "rec_14":{ "type": "str", "ver": "0",
        "data": "1000D000CB61EA0709B76C0FC6D78962461F177B49"
      },
      "rec_15":{ "type": "str", "ver": "0",
        "data": "1000E000672BFCED9446DB8106AF964D38752929C8"
      },
      "rec_16":{ "type": "str", "ver": "0",
        "data": "1000F00078312F6E617D54A6E3DA93D8DC393FCB9B"
      },
      "rec_17":{ "type": "str", "ver": "0",
        "data": "10010000E40EC0709BCC11912C971966B4AAE246FC"
      },
      "rec_18":{ "type": "str", "ver": "0",
        "data": "10011000DDB9E5730AA46BDCF2FEED13D6854EBDA6"
      },
      "rec_19":{ "type": "str", "ver": "0",
        "data": "10012000A2B2DDF9BB8FE37BED78E2F75BFCB1A116"
      },
      "rec_20":{ "type": "str", "ver": "0",
        "data": "100130004B85C800471BD77185319ED3B09C88F78B"
      },
      "rec_21":{ "type": "str", "ver": "0",
        "data": "100140009ABF8ABEE7FE362C0828E723C5A269A914"
      },
      "rec_22":{ "type": "str", "ver": "0",
        "data": "1001500076476C22FF68398EAC69FFB34C23ABCD78"
      },
      "rec_23":{ "type": "str", "ver": "0",
        "data": "10016000FC91CF9A9AADB7E90CEA0EFE16C8F84496"
      },
      "rec_24":{ "type": "str", "ver": "0",
        "data": "1001700024BE331FBE8B0C76A2601EC029F1D0773F"
      },
      "rec_25":{ "type": "str", "ver": "0",
        "data": "100180007BC00BED84E9E9991F32C4B84AFCA8CFC3"
      },
      "rec_26":{ "type": "str", "ver": "0",
        "data": "10019000EA137347BAF9197C357E4B64AEB787EC26"
      },
      "rec_27":{ "type": "str", "ver": "0",
        "data": "1001A000EF956ABF98B06C904309E73BA6E18DF8E4"
      },
      "rec_28":{ "type": "str", "ver": "0",
        "data": "1001B000B3EDB41D553087DA37EC625DC779A8DE40"
      },
      "rec_29":{ "type": "str", "ver": "0",
        "data": "1001C000233EB4D97D3E800C203BDA6925DFD7CAB7"
      },
      "rec_30":{ "type": "str", "ver": "0",
        "data": "1001D000914A9EADD608F9D15FF9D545BEB135EE4D"
      },
      "rec_31":{ "type": "str", "ver": "0",
        "data": "1001E000986A6352E1EBD547A65C434706B3C2D693"
      },
      "rec_32":{ "type": "str", "ver": "0",
        "data": "1001F000137EE6FC9ED1DB59EB65F770BADC4E95B9"
      },
      "rec_33":{ "type": "str", "ver": "0",
        "data": "10020000C37B2355937E574204706DE6BE5F451C49"
      },
      "rec_34":{ "type": "str", "ver": "0",
        "data": "10021000951F34254300F0878EFFFEF06B2DAE96C0"
      },
      "rec_35":{ "type": "str", "ver": "0",
        "data": "1002200079E65EDB5DF668D618C7D4627FD4796D57"
      },
      "rec_36":{ "type": "str", "ver": "0",
        "data": "10023000982612BFC2A38EDF1376DAC32B7ADD1D98"
      },
      "rec_37":{ "type": "str", "ver": "0",
        "data": "10024000FF60DA7C6332EEFA06147941A82280203E"
      },
      "rec_38":{ "type": "str", "ver": "0",
        "data": "1002500065C6DCE83E126D6B9B10125FE4AEEAA946"
      },
      "rec_39":{ "type": "str", "ver": "0",
        "data": "100260004F351592135055AE300D670E9FB2202EAC"
      },
      "rec_40":{ "type": "str", "ver": "0",
        "data": "1002700089537F3D90A59AD7E1308B9B36F5AE9B95"
      },
      "rec_41":{ "type": "str", "ver": "0",
        "data": "10028000A6AD023DFC993BF434577F5081ED6BA540"
      },
      "rec_42":{ "type": "str", "ver": "0",
        "data": "100290005FE3B70DC66020BD684B9FA4E224FF5406"
      },
      "rec_43":{ "type": "str", "ver": "0",
        "data": "1002A0000017DD9620F68CD1FAD11E16E87154C1E4"
      },
      "rec_44":{ "type": "str", "ver": "0",
        "data": "1002B0000A48203EC6F7A81C02AB3A64DF27DBC51C"
      },
      "rec_45":{ "type": "str", "ver": "0",
        "data": "1002C000BF949CE6008E52C433057AD90CAE3B979E"
      },
      "rec_46":{ "type": "str", "ver": "0",
        "data": "1002D000B77256D79984CCDB8A94424AB994D11527"
      },
      "rec_47":{ "type": "str", "ver": "0",
        "data": "1002E00019DC36BC5BCFF8CEC83D99225385AC49AA"
      },
      "rec_48":{ "type": "str", "ver": "0",
        "data": "1002F0001B74F0E7E8BA8D61E4A2AAD08B3791B500"
      },
      "rec_49":{ "type": "str", "ver": "0",
        "data": "100300005CF2D1D30B37E76FA2F4DB2466CF94C83D"
      },
      "rec_50":{ "type": "str", "ver": "0",
        "data": "1003100077D5F99D5E9EC51070134DCC049E028763"
      },
      "rec_51":{ "type": "str", "ver": "0",
        "data": "100320008CE28BA9837BFD03F7E15AB9D6EAC2219F"
      },
      "rec_52":{ "type": "str", "ver": "0",
        "data": "100330000CBFFDB44090573C2AA139CDF22EF6E611"
      },
      "rec_53":{ "type": "str", "ver": "0",
        "data": "10034000A23BC4696ADC4CE714B2523E50B80E9C22"
      },
      "rec_54":{ "type": "str", "ver": "0",
        "data": "10035000F2CC570061689EC5F57DC7FE5E5A6E14EB"
      },
      "rec_55":{ "type": "str", "ver": "0",
        "data": "100360001F94057B88B20D3CD0C8BA74D7CF788C67"
      },
      "rec_56":{ "type": "str", "ver": "0",
        "data": "100370005DE35ACCCC5BE024C53E2B811010C7173F"
      },
      "rec_57":{ "type": "str", "ver": "0",
        "data": "10038000E028195986F549EA9AB95212033806DB72"
      },
      "rec_58":{ "type": "str", "ver": "0",
        "data": "10039000FE311B753CC9D3604EBE04DC1BF7D73F52"
      },
      "rec_59":{ "type": "str", "ver": "0",
        "data": "1003A000100F36D64AC47DE8FE2FF7E8B220863615"
      },
      "rec_60":{ "type": "str", "ver": "0",
        "data": "1003B0000D4277E541517DD9EA895B3B2B9CC48591"
      },
      "rec_61":{ "type": "str", "ver": "0",
        "data": "1003C000E7D19CABCC18AE7D5475B24C22D51454F9"
      },
      "rec_62":{ "type": "str", "ver": "0",
        "data": "1003D00059431F4CE0072832DA06C073755DD90215"
      },
      "rec_63":{ "type": "str", "ver": "0",
        "data": "1003E000A8ABBCA0502D707891157BE7E10FECF61F"
      },
      "rec_64":{ "type": "str", "ver": "0",
        "data": "1003F00065CB1B64E842CB2B512E3C623AE4E054BF"
      },
      "rec_65":{ "type": "str", "ver": "0",
        "data": "1004000021BCE50DC4EC5A362FCF1FBEDBD8C1F599"
      },
      "rec_66":{ "type": "str", "ver": "0",
        "data": "10041000EAC921CBA85012D7B6A08C6F97B4CBCC29"
      },
      "rec_67":{ "type": "str", "ver": "0",
        "data": "10042000D099499691534B6927EB1F94D42C4114D2"
      },
      "rec_68":{ "type": "str", "ver": "0",
        "data": "10043000A844A404AEFFBCF3F50E4C150D614B9718"
      },
      "rec_69":{ "type": "str", "ver": "0",
        "data": "10044000AE2D8C6C3E0A20B8845CC24EFAFF620D61"
      },
      "rec_70":{ "type": "str", "ver": "0",
        "data": "10045000189398A2013E686FEDE39EF9F17095C183"
      },
      "rec_71":{ "type": "str", "ver": "0",
        "data": "100460008021A4C57F77BD16EE2B77252186481FF6"
      },
      "rec_72":{ "type": "str", "ver": "0",
        "data": "100470003D7605FC481BE0AA192F2B028FC1738A19"
      },
      "rec_73":{ "type": "str", "ver": "0",
        "data": "1004800035B6713FB37839728D62E48E68736BBC98"
      },
      "rec_74":{ "type": "str", "ver": "0",
        "data": "100490003F4BA4626A8E393032109FF8E499404590"
      },
      "rec_75":{ "type": "str", "ver": "0",
        "data": "1004A000562103615B4727CA56379F66DC43E78DB9"
      },
      "rec_76":{ "type": "str", "ver": "0",
        "data": "1004B000A1FC933776D36855C6333BA9D25B526310"
      },
      "rec_77":{ "type": "str", "ver": "0",
        "data": "1004C000D21A6D6C454D4B2735021A93FC4294BEEF"
      },
      "rec_78":{ "type": "str", "ver": "0",
        "data": "1004D000AEBF1BF274367799A36E6CD0D2B3252FC2"
      },
      "rec_79":{ "type": "str", "ver": "0",
        "data": "1004E000C5290FE2FAC2A236393CC9C0B68980904C"
      },
      "rec_80":{ "type": "str", "ver": "0",
        "data": "1004F000963025DCE4F8C67B72D8A9A053B053FB34"
      },
      "rec_81":{ "type": "str", "ver": "0",
        "data": "10050000C5C8D2163D766234EDEF9168D679CA1D22"
      },
      "rec_82":{ "type": "str", "ver": "0",
        "data": "10051000D5810C290911CE86508072142CFB821EC5"
      },
      "rec_83":{ "type": "str", "ver": "0",
        "data": "10052000F951C9593D805E581AE4EED0373B6E1838"
      },
      "rec_84":{ "type": "str", "ver": "0",
        "data": "10053000C4C06E98DEA6BDB6026FAF01FD4F85192F"
      },
      "rec_85":{ "type": "str", "ver": "0",
        "data": "10054000976B2439B9F9E408280AAD2AB053E3843B"
      },
      "rec_86":{ "type": "str", "ver": "0",
        "data": "100550004878023E53FA7598D713CD929697367C19"
      },
      "rec_87":{ "type": "str", "ver": "0",
        "data": "100560003D0E94EA5C641E4BFBA0363BF8D3B4E826"
      },
      "rec_88":{ "type": "str", "ver": "0",
        "data": "1005700060F318F62B513B982CA67ACDA2339B0D35"
      },
      "rec_89":{ "type": "str", "ver": "0",
        "data": "100580002FB7A562266F0237111310BF98E4976743"
      },
      "rec_90":{ "type": "str", "ver": "0",
        "data": "100590007AF83F5F7BBCF3186D4D476FB1C95D6260"
      },
      "rec_91":{ "type": "str", "ver": "0",
        "data": "1005A00042B5F580B2FAE62F309BC9347538CDDA02"
      },
      "rec_92":{ "type": "str", "ver": "0",
        "data": "1005B0008DB3167F348DF1C3606D0FEFB64595A5F1"
      },
      "rec_93":{ "type": "str", "ver": "0",
        "data": "1005C00091558B89721624334DE368DE6B934A256F"
      },
      "rec_94":{ "type": "str", "ver": "0",
        "data": "1005D000304FF9BBE6A47D849A45AC5FF99DFE8956"
      },
      "rec_95":{ "type": "str", "ver": "0",
        "data": "1005E0005AA50E5058D44ACCCCD6480CC6C675B9BC"
      },
      "rec_96":{ "type": "str", "ver": "0",
        "data": "1005F0005D6B598C8A141A862BC876F810FDE3318E"
      },
      "rec_97":{ "type": "str", "ver": "0",
        "data": "10060000C3B2B21D81A6AB80A1A0959F2E9F61D8D9"
      },
      "rec_98":{ "type": "str", "ver": "0",
        "data": "10061000DA45721A36BFE2D44C39EF7726B946E094"
      },
      "rec_99":{ "type": "str", "ver": "0",
        "data": "10062000CCB1FCE4B7F8B56FD8D97D320CA7B929A5"
      },
      "rec_100":{ "type": "str", "ver": "0",
        "data": "10063000B22FFA2E24739A452D654ACCE8133A3D21"
      },
      "rec_101":{ "type": "str", "ver": "0",
        "data": "10064000856A788F951CD8BEA0EB3C3D58C99C228A"
      },
      "rec_102":{ "type": "str", "ver": "0",
        "data": "10065000A7BCD0D6434A9F44AA0995DE4BD2ACF43E"
      },
      "rec_103":{ "type": "str", "ver": "0",
        "data": "100660004B0AF244F77C7545326368612DE29E18AF"
      },
      "rec_104":{ "type": "str", "ver": "0",
        "data": "100670002C51C16A4855F6615BA63ABCDB5265C88D"
      },
      "rec_105":{ "type": "str", "ver": "0",
        "data": "10068000D8610D9F2285A4E1AC61D8F45D3D223C88"
      },
      "rec_106":{ "type": "str", "ver": "0",
        "data": "100690002425A29DF834E3A0117674D414ED23D759"
      },
      "rec_107":{ "type": "str", "ver": "0",
        "data": "1006A00097F75EE24428B6AD5607933B8B8D67649F"
      },
      "rec_108":{ "type": "str", "ver": "0",
        "data": "1006B000DC0E7E126090C6E7DBB3ADEE95DDB19D3A"
      },
      "rec_109":{ "type": "str", "ver": "0",
        "data": "1006C000DBDC9BDE28261981125D0047CED4F04A80"
      },
      "rec_110":{ "type": "str", "ver": "0",
        "data": "1006D0009EE479CBEA8CF6F8854D5E650777074195"
      },
      "rec_111":{ "type": "str", "ver": "0",
        "data": "1006E00037EBB08FFD2AF980BE7BF886305B82AE97"
      },
      "rec_112":{ "type": "str", "ver": "0",
        "data": "1006F000A39E8D1C18B840E6CD8D4C705E8F980B74"
      },
      "rec_113":{ "type": "str", "ver": "0",
        "data": "100700004D17CDBD1FC082C2E3D666F4B201B897C3"
      },
      "rec_114":{ "type": "str", "ver": "0",
        "data": "1007100000B68E79DCF30C446159C7453D9E755C8B"
      },
      "rec_115":{ "type": "str", "ver": "0",
        "data": "1007200030FF453B4E6A2FDED6C7AF9CB12CD52398"
      },
      "rec_116":{ "type": "str", "ver": "0",
        "data": "100730008BFCD008F08FCD1FE66D845089A1CDF4DD"
      },
      "rec_117":{ "type": "str", "ver": "0",
        "data": "1007400003D1FCD3D3FF0D7B9EF2EBCD792D368DFB"
      },
      "rec_118":{ "type": "str", "ver": "0",
        "data": "10075000B7176D2F74F574A799E30CAB3734D2A596"
      },
      "rec_119":{ "type": "str", "ver": "0",
        "data": "1007600038ED99F26081BC50A1E40D87541D3667C5"
      },
      "rec_120":{ "type": "str", "ver": "0",
        "data": "10077000B624B21EE3DBAD7DF6A439BF7739A2E023"
      },
      "rec_121":{ "type": "str", "ver": "0",
        "data": "1007800010104B707EDFC25EC9C586C3E02C7009B5"
      },
      "rec_122":{ "type": "str", "ver": "0",
        "data": "10079000EA2790A20DEC67AAC307F18A9FA5A2DA07"
      },
      "rec_123":{ "type": "str", "ver": "0",
        "data": "1007A0002AD3CBD60D4A0C415C5A7F568C2639D8B9"
      },
      "rec_124":{ "type": "str", "ver": "0",
        "data": "1007B0007D241A6E0952628E966855EFF16F4AF1E8"
      },
      "rec_125":{ "type": "str", "ver": "0",
        "data": "1007C0001B58D6A5A617ED7D23ECF75DB7F32E8A4F"
      },
      "rec_126":{ "type": "str", "ver": "0",
        "data": "1007D00042B66AC372EEA995B42D15CD4064F56199"
      },
      "rec_127":{ "type": "str", "ver": "0",
        "data": "1007E00028A52C91E53BCE4BC1553EEDB00D5BAB42"
      },
      "rec_128":{ "type": "str", "ver": "0",
        "data": "1007F000F9601ADC08A45C6196FD3D6FC1A6F1D1D9"
      },
      "rec_129":{ "type": "str", "ver": "0",
        "data": "100800000A81C479E6A4A803CFD510953B3AF80134"
      },
      "rec_130":{ "type": "str", "ver": "0",
        "data": "10081000F768818031EC2FD31550A28ED564FE4944"
      },
      "rec_131":{ "type": "str", "ver": "0",
        "data": "10082000131EC8CDD2F75034140A8FE143210A3584"
      },
      "rec_132":{ "type": "str", "ver": "0",
        "data": "10083000AC9FD7BE03B09D662EA73CEA0321CC77C0"
      },
      "rec_133":{ "type": "str", "ver": "0",
        "data": "1008400096C420A37860BEB7E2FBE430766FCBB4E9"
      },
      "rec_134":{ "type": "str", "ver": "0",
        "data": "10085000CD45DD7BB026F4F57D94FAC05DAEC7D9F9"
      },
      "rec_135":{ "type": "str", "ver": "0",
        "data": "1008600061893396BDA2F83CB75F587035C96C7684"
      },
      "rec_136":{ "type": "str", "ver": "0",
        "data": "100870005A0E6D0E20FA8392E9BBE1913695F43B56"
      },
      "rec_137":{ "type": "str", "ver": "0",
        "data": "10088000E486E2B9BBE237B9E06B9240558D8B94B8"
      },
      "rec_138":{ "type": "str", "ver": "0",
        "data": "10089000DF1C2C159954BF8F45A815870C4568326D"
      },
      "rec_139":{ "type": "str", "ver": "0",
        "data": "1008A00001B776488228EA48E3558AC88FC503A471"
      },
      "rec_140":{ "type": "str", "ver": "0",
        "data": "1008B000F8FF43ED760D81E7E877E1D97F837CBBD4"
      },
      "rec_141":{ "type": "str", "ver": "0",
        "data": "1008C0009E58D4C644A7D4F6964FA1BC607074520B"
      },
      "rec_142":{ "type": "str", "ver": "0",
        "data": "1008D0008123F50B24684765D7D2DFB0156B77808D"
      },
      "rec_143":{ "type": "str", "ver": "0",
        "data": "1008E0007ECD1B1C51DB6F3F0C10FE02C96EEAE986"
      },
      "rec_144":{ "type": "str", "ver": "0",
        "data": "1008F00088331473B0BDFA2BEADF3918E7154D1DA4"
      },
      "rec_145":{ "type": "str", "ver": "0",
        "data": "10090000263D4F1EA5A129E4F2A13325E91CAC0622"
      },
      "rec_146":{ "type": "str", "ver": "0",
        "data": "100910005FB015FDFA9642335DF1820D378794C6BC"
      },
      "rec_147":{ "type": "str", "ver": "0",
        "data": "10092000EAD996849B9C2BE4DD6A7BF932082B790B"
      },
      "rec_148":{ "type": "str", "ver": "0",
        "data": "10093000260257562117564B70078B5EDBB41D9766"
      },
      "rec_149":{ "type": "str", "ver": "0",
        "data": "10094000CF6BD2127D788F2BD9EBF4FD0B3FE09C5F"
      },
      "rec_150":{ "type": "str", "ver": "0",
        "data": "100950001F5400FACC9A27CA7ABED1485F4561F489"
      },
      "rec_151":{ "type": "str", "ver": "0",
        "data": "100960007F8788EF08DB48C118FB5839FCED3B6EE8"
      },
      "rec_152":{ "type": "str", "ver": "0",
        "data": "10097000E4E798923153CFA02A62D5DE072EF2FD2C"
      },
      "rec_153":{ "type": "str", "ver": "0",
        "data": "100980008769006B6F001FBE7AC29AED414AA8FBCF"
      },
      "rec_154":{ "type": "str", "ver": "0",
        "data": "100990001ED06E4C3859F59872D33ED4FCBB8B9A5E"
      },
      "rec_155":{ "type": "str", "ver": "0",
        "data": "1009A00053EEA1E5D6C832DCA7AD3027E25BFFF9F4"
      },
      "rec_156":{ "type": "str", "ver": "0",
        "data": "1009B0005BCC6C3A5361A1AA025DF73E526E59E4DA"
      },
      "rec_157":{ "type": "str", "ver": "0",
        "data": "1009C000C1E39E6176FC102B83BCF8CD34183E72D7"
      },
      "rec_158":{ "type": "str", "ver": "0",
        "data": "1009D000BCD76FC033D9FAB57766D47C4FB3067CE9"
      },
      "rec_159":{ "type": "str", "ver": "0",
        "data": "1009E0006892379C9B196DC1C508EA287B82BA12B0"
      },
      "rec_160":{ "type": "str", "ver": "0",
        "data": "1009F000254345901A4AD350E01058B2F67A0F9921"
      },
      "rec_161":{ "type": "str", "ver": "0",
        "data": "100A000095ACBA848DA266475AEDFB4A7F377D4B81"
      },
      "rec_162":{ "type": "str", "ver": "0",
        "data": "100A1000BD7E5F0FC60717CD0A98EE62B2EC7192E9"
      },
      "rec_163":{ "type": "str", "ver": "0",
        "data": "100A20000C7C463B9737C7C70E6CEA8F5A0DE3170D"
      },
      "rec_164":{ "type": "str", "ver": "0",
        "data": "100A3000F8785D289CC71B11AF95EAA302FA034B17"
      },
      "rec_165":{ "type": "str", "ver": "0",
        "data": "100A4000D66EF1AF8DF6788DFFD57491700D111BB8"
      },
      "rec_166":{ "type": "str", "ver": "0",
        "data": "100A50005168DF6B684A132483D8B6D5B19355F635"
      },
      "rec_167":{ "type": "str", "ver": "0",
        "data": "100A6000C56B1BD99EF8711735291C47CCF1123381"
      },
      "rec_168":{ "type": "str", "ver": "0",
        "data": "100A7000697A6B9061A9F23C53E90C901BD2D3DEEA"
      },
      "rec_169":{ "type": "str", "ver": "0",
        "data": "100A8000A737B38AA2DAD8C9FCE3DDC8FA6C30E92B"
      },
      "rec_170":{ "type": "str", "ver": "0",
        "data": "100A900017EAF9D70556D28D4C9BE3DC6901BFD824"
      },
      "rec_171":{ "type": "str", "ver": "0",
        "data": "100AA000D1D1E23BD9354F268963A0E40DAB43CACF"
      },
      "rec_172":{ "type": "str", "ver": "0",
        "data": "100AB0005C6E4B16978AA803CFC8691928C575D9EB"
      },
      "rec_173":{ "type": "str", "ver": "0",
        "data": "100AC000E48D99B35D4A2BD18494D569AA8D86248F"
      },
      "rec_174":{ "type": "str", "ver": "0",
        "data": "100AD0003B1C54D63040B3FBCC16972C32FCC8D309"
      },
      "rec_175":{ "type": "str", "ver": "0",
        "data": "100AE00092BAFDC8253668A60C4C21EDBE5DC2A3A6"
      },
      "rec_176":{ "type": "str", "ver": "0",
        "data": "100AF0002A0A1872D45AE08EC0197D00D43960EEEB"
      },
      "rec_177":{ "type": "str", "ver": "0",
        "data": "100B00005EC73FFA375FD834C9607BF340BB07222A"
      },
      "rec_178":{ "type": "str", "ver": "0",
        "data": "100B1000F959B16DBF2548F3A2A5ACF11E1DC66EF3"
      },
      "rec_179":{ "type": "str", "ver": "0",
        "data": "100B200048A1B054961D97E2EA120895853481EEEB"
      },
      "rec_180":{ "type": "str", "ver": "0",
        "data": "100B30002644DE6BF2DD92518BB1C6119A39EB255A"
      },
      "rec_181":{ "type": "str", "ver": "0",
        "data": "100B400077EC99DBE86FB3AA4819D15D38FC0D2624"
      },
      "rec_182":{ "type": "str", "ver": "0",
        "data": "100B50001574A4FFEA559AC2B082F5AACC4503C029"
      },
      "rec_183":{ "type": "str", "ver": "0",
        "data": "100B60003086BEFDB8BA165BCEF1FF7CCAD9272B02"
      },
      "rec_184":{ "type": "str", "ver": "0",
        "data": "100B700082BE8E54A4CB2FA42A8E6AF0FFB3C2B0DB"
      },
      "rec_185":{ "type": "str", "ver": "0",
        "data": "100B8000AA7C35DDBA9C1F548525AB817C72D46666"
      },
      "rec_186":{ "type": "str", "ver": "0",
        "data": "100B90000B7ED0DE1A7917713E40DD7A069DB27A5F"
      },
      "rec_187":{ "type": "str", "ver": "0",
        "data": "100BA0006638B9294BEB59E58DAB7DEA5281D69871"
      },
      "rec_188":{ "type": "str", "ver": "0",
        "data": "100BB000C485368ECB9ED40D70D0E0E084DC997A6B"
      },
      "rec_189":{ "type": "str", "ver": "0",
        "data": "100BC000C1C6319580F72766437692F52B687B4343"
      },
      "rec_190":{ "type": "str", "ver": "0",
        "data": "100BD000F6A50DB1752503219D1902FBD9E88EFEFE"
      },
      "rec_191":{ "type": "str", "ver": "0",
        "data": "100BE0007C6CF89F27ECC8FB4D76D0C62E807FC763"
      },
      "rec_192":{ "type": "str", "ver": "0",
        "data": "100BF0008723682F84958634364CAD2F4B5A834219"
      },
      "rec_193":{ "type": "str", "ver": "0",
        "data": "100C0000093090B3C1371DC394313F33F693F409D3"
      },
      "rec_194":{ "type": "str", "ver": "0",
        "data": "100C1000E2BFC87AF4FACF3244EE8961CA1D77C7C1"
      },
      "rec_195":{ "type": "str", "ver": "0",
        "data": "100C200013F469423E9BC2B0ACCFD5AC60B16BEA65"
      },
      "rec_196":{ "type": "str", "ver": "0",
        "data": "100C300085AFDFEA3CE7EC724C01877D4520539C91"
      },
      "rec_197":{ "type": "str", "ver": "0",
        "data": "100C4000E39F1874F9BBFB89903902C0024EDDFDA9"
      },
      "rec_198":{ "type": "str", "ver": "0",
        "data": "100C50004B3BF1A449BEEE7A880A10C58F61BD03F3"
      },
      "rec_199":{ "type": "str", "ver": "0",
        "data": "100C6000379FF0DEFCE6E5FBD54F9BDBC98FA42662"
      },
      "rec_200":{ "type": "str", "ver": "0",
        "data": "100C7000AF2A4432E676AB2CE9B031C6CFDEAFDC2A"
      },
      "rec_201":{ "type": "str", "ver": "0",
        "data": "100C8000BCCA5F3D3229096F0C3965B60D68847B9B"
      },
      "rec_202":{ "type": "str", "ver": "0",
        "data": "100C900080EE74D53C0D7FF0A7927F161C27738AD7"
      },
      "rec_203":{ "type": "str", "ver": "0",
        "data": "100CA000573F0D88BE01A3EDE69B6ECE9A93E80EEA"
      },
      "rec_204":{ "type": "str", "ver": "0",
        "data": "100CB0007BBC5BA8703402E9F5074EA25B5ECEBE3A"
      },
      "rec_205":{ "type": "str", "ver": "0",
        "data": "100CC000F86C50B8EB8E11801A54B58ED4D2C54A48"
      },
      "rec_206":{ "type": "str", "ver": "0",
        "data": "100CD0004F495D80C7375965EF0821AB1A09D367C3"
      },
      "rec_207":{ "type": "str", "ver": "0",
        "data": "100CE000547B1117A72625F3C341F39FEE37EE5D22"
      },
      "rec_208":{ "type": "str", "ver": "0",
        "data": "100CF000D859493F8E275C7A97439BD44057261298"
      },
      "rec_209":{ "type": "str", "ver": "0",
        "data": "100D0000524999321A49650E771E1A6EB3387679B0"
      },
      "rec_210":{ "type": "str", "ver": "0",
        "data": "100D1000CCFA7239E33BCBDF849B3A9473F12F7E9C"
      },
      "rec_211":{ "type": "str", "ver": "0",
        "data": "100D20006550CD42880D4DE63FB557D4A500802AC9"
      },
      "rec_212":{ "type": "str", "ver": "0",
        "data": "100D3000B4B04AA1E8E82E48105F786592F30B6ED4"
      },
      "rec_213":{ "type": "str", "ver": "0",
        "data": "100D4000C0650642841D28DAF75B435E28D75E80C3"
      },
      "rec_214":{ "type": "str", "ver": "0",
        "data": "100D50002351B9270271EE63687A8EF192034847F6"
      },
      "rec_215":{ "type": "str", "ver": "0",
        "data": "100D6000FE4BECAA7CAC2F2139897ACC128CB55978"
      },
      "rec_216":{ "type": "str", "ver": "0",
        "data": "100D7000C3F21D01E5E8855F977671C646E1E2E8BA"
      },
      "rec_217":{ "type": "str", "ver": "0",
        "data": "100D8000A73F77E10D722B76E84C7B6E140A045670"
      },
      "rec_218":{ "type": "str", "ver": "0",
        "data": "100D900050F06813BB59A7A5B6DCDC426446436B30"
      },
      "rec_219":{ "type": "str", "ver": "0",
        "data": "100DA00027D07129DFA80FF835427E945F5B717FF1"
      },
      "rec_220":{ "type": "str", "ver": "0",
        "data": "100DB0005F993BA09E50B338521A92C42DB3C59B85"
      },
      "rec_221":{ "type": "str", "ver": "0",
        "data": "100DC0000409ADB320AE3039B460E1BF03A55A04C5"
      },
      "rec_222":{ "type": "str", "ver": "0",
        "data": "100DD000EC1211BB28E17FA586EF42CC595A7973FA"
      },
      "rec_223":{ "type": "str", "ver": "0",
        "data": "100DE000303A5CFBFFAAA8F80C63066B75A6F5CA3F"
      },
      "rec_224":{ "type": "str", "ver": "0",
        "data": "100DF00023D79E4DB49878BDF693BE6A652C346DAA"
      },
      "rec_225":{ "type": "str", "ver": "0",
        "data": "100E00007AF4FE0FDB3386650538933E3DBA2F2317"
      },
      "rec_226":{ "type": "str", "ver": "0",
        "data": "100E1000D8D823BFE9C6DCE560E99B59C67F5004FA"
      },
      "rec_227":{ "type": "str", "ver": "0",
        "data": "100E20001481602376BCC318C9D3D1738E8B836CB5"
      },
      "rec_228":{ "type": "str", "ver": "0",
        "data": "100E3000FE3816618CA56DA63D06CCD1729786CF83"
      },
      "rec_229":{ "type": "str", "ver": "0",
        "data": "100E40002BD49DBC0DF3B16292D6DD06680B552301"
      },
      "rec_230":{ "type": "str", "ver": "0",
        "data": "100E50005DAACD360476DC3F9D85941939E1E39B8C"
      },
      "rec_231":{ "type": "str", "ver": "0",
        "data": "100E6000C5DE63F07B04DECD9892667BDB99D4F817"
      },
      "rec_232":{ "type": "str", "ver": "0",
        "data": "100E7000F40526014BBA9D5F0C78DA21DE6B99C729"
      },
      "rec_233":{ "type": "str", "ver": "0",
        "data": "100E8000976A8BA32D74738A60242B961131580AAC"
      },
      "rec_234":{ "type": "str", "ver": "0",
        "data": "100E9000C31A8308098A5710488FC61F8F02BD3CAA"
      },
      "rec_235":{ "type": "str", "ver": "0",
        "data": "100EA000F577EBE5A0F99DF0792F54DA93D212276C"
      },
      "rec_236":{ "type": "str", "ver": "0",
        "data": "100EB000966F26D7D41347D6EDD8F739671B0C3178"
      },
      "rec_237":{ "type": "str", "ver": "0",
        "data": "100EC00096180DBE2B473F15C2B4527CCF06D9B53C"
      },
      "rec_238":{ "type": "str", "ver": "0",
        "data": "100ED000B77472BC288621558CC14A56BEAB878632"
      },
      "rec_239":{ "type": "str", "ver": "0",
        "data": "100EE0005CE1D0BD63252D8B374FCFA872FD79858E"
      },
      "rec_240":{ "type": "str", "ver": "0",
        "data": "100EF0006A385FBB454A84069ABBF3F9429B53901C"
      },
      "rec_241":{ "type": "str", "ver": "0",
        "data": "100F0000982197B76737F518306EDABE3BA8CED177"
      },
      "rec_242":{ "type": "str", "ver": "0",
        "data": "100F100047524712E25D4095FA64A7E2013F1E1472"
      },
      "rec_243":{ "type": "str", "ver": "0",
        "data": "100F20001062605B39CC7819AFE4688E838C56D739"
      },
      "rec_244":{ "type": "str", "ver": "0",
        "data": "100F300064595BC7D5FBF5818B368F5C57061FEF75"
      },
      "rec_245":{ "type": "str", "ver": "0",
        "data": "100F4000EFDC9F4275E1379E43C2AEC858ED59BBF6"
      },
      "rec_246":{ "type": "str", "ver": "0",
        "data": "100F500033B0451799EB77B20AEE150A186D29FBE5"
      },
      "rec_247":{ "type": "str", "ver": "0",
        "data": "100F600020DBC7ADB9F9C1160EAF61E99FF99366F1"
      },
      "rec_248":{ "type": "str", "ver": "0",
        "data": "100F7000893B94CF47334E0DC266C46951BE8E2F54"
      },
      "rec_249":{ "type": "str", "ver": "0",
        "data": "100F80004291F8DA5456FD44485FAE69BA3835C527"
      },
      "rec_250":{ "type": "str", "ver": "0",
        "data": "100F90002EDDF0D51F5DCAD88F726D371F53D46018"
      },
      "rec_251":{ "type": "str", "ver": "0",
        "data": "100FA000118B86B9FF9D4CA3A77B46EF55C04B71B3"
      },
      "rec_252":{ "type": "str", "ver": "0",
        "data": "100FB00022A06C39A7827284AAE3BA3EF228722278"
      },
      "rec_253":{ "type": "str", "ver": "0",
        "data": "100FC000496BC2F408BA39EB289225B076DFEA43C0"
      },
      "rec_254":{ "type": "str", "ver": "0",
        "data": "100FD000CEDDDCA4C18241E34A1D568D1F15F50DFF"
      },
      "rec_255":{ "type": "str", "ver": "0",
        "data": "100FE000C6A72B7FF41754A52412C9BAE78952F378"
      },
      "rec_256":{ "type": "str", "ver": "0",
        "data": "100FF0003486BF8DDA61454F8C2DCAC111D4CEB174"
      },
      "rec_257":{ "type": "str", "ver": "0",
        "data": "101000004785122D393D52B3ABEAFDEC3BB3DCCC46"
      },
      "rec_258":{ "type": "str", "ver": "0",
        "data": "10101000B42084010AA31F94746EB373E730AC7BD1"
      },
      "rec_259":{ "type": "str", "ver": "0",
        "data": "101020008A6C9B249A1476F852271CDB1F8364C7B2"
      },
      "rec_260":{ "type": "str", "ver": "0",
        "data": "1010300031F9897C53C3EAACB4F1FBAE52847EF043"
      },
      "rec_261":{ "type": "str", "ver": "0",
        "data": "101040002A7560E66884D1E9679D0167653902C940"
      },
      "rec_262":{ "type": "str", "ver": "0",
        "data": "10105000E4D23B4A782B264FD9F7E47368A8308B4B"
      },
      "rec_263":{ "type": "str", "ver": "0",
        "data": "10106000E60705BB328115A31BFE8FA909DB428F62"
      },
      "rec_264":{ "type": "str", "ver": "0",
        "data": "101070007B42B50C3A5EDB442CA16D0D10A0162806"
      },
      "rec_265":{ "type": "str", "ver": "0",
        "data": "101080006287D37635613AE3768EC2B67AF25A2613"
      },
      "rec_266":{ "type": "str", "ver": "0",
        "data": "1010900021E4F29DB37320668F63FD105230094442"
      },
      "rec_267":{ "type": "str", "ver": "0",
        "data": "1010A0005E0D431D4E4742B74EEC67DBFB01981FB8"
      },
      "rec_268":{ "type": "str", "ver": "0",
        "data": "1010B000FFBC7521DF3E43A60F02D2C45E329BA95E"
      },
      "rec_269":{ "type": "str", "ver": "0",
        "data": "1010C000C40865B77084FFD4E03BB50BD411D55389"
      },
      "rec_270":{ "type": "str", "ver": "0",
        "data": "1010D00067C0DD8D85405D1A6D0578CC1425D1156E"
      },
      "rec_271":{ "type": "str", "ver": "0",
        "data": "1010E000418BAE7FE48CA6BB21D9F7DFC68E37C417"
      },
      "rec_272":{ "type": "str", "ver": "0",
        "data": "1010F000564406E55DFFC1D6B925958591F5F64EB6"
      },
      "rec_273":{ "type": "str", "ver": "0",
        "data": "10110000EBC38A9637848BDE08B8FB2880BC32E9B3"
      },
      "rec_274":{ "type": "str", "ver": "0",
        "data": "101110009BB56F5552D06459C0B1E1DF90E062F9E0"
      },
      "rec_275":{ "type": "str", "ver": "0",
        "data": "1011200031DCBC796A32BB7D00688E212B7C4C6936"
      },
      "rec_276":{ "type": "str", "ver": "0",
        "data": "1011300085CAB82A75F94A17BCA625E0251DE9C558"
      },
      "rec_277":{ "type": "str", "ver": "0",
        "data": "1011400000226D5FA0EF7C8549AEDE008636FC0391"
      },
      "rec_278":{ "type": "str", "ver": "0",
        "data": "1011500015C5676678CD63DED033C6E1C5815665B7"
      },
      "rec_279":{ "type": "str", "ver": "0",
        "data": "101160003A36D05D2661944918068ED9FAF1EE24FC"
      },
      "rec_280":{ "type": "str", "ver": "0",
        "data": "10117000FE77B649657577629FB9E2C3E2B743FA75"
      },
      "rec_281":{ "type": "str", "ver": "0",
        "data": "101180001F8ECF91F6A1757C5735F5AAEA6E9F1C8C"
      },
      "rec_282":{ "type": "str", "ver": "0",
        "data": "101190001BFF5AB761405D46A164CB6C8812847C0A"
      },
      "rec_283":{ "type": "str", "ver": "0",
        "data": "1011A0004226AC7529BF7FEBE701C17AFFCAE24551"
      },
      "rec_284":{ "type": "str", "ver": "0",
        "data": "1011B000E89DF87D39A9E35CC031E0317E3C93477E"
      },
      "rec_285":{ "type": "str", "ver": "0",
        "data": "1011C000AAF050734D85692E94339F3DA4DE40698B"
      },
      "rec_286":{ "type": "str", "ver": "0",
        "data": "1011D000BBB6A484AE68EA1CD3F6E57EE7D7F0EC94"
      },
      "rec_287":{ "type": "str", "ver": "0",
        "data": "1011E0002869E33670DD4960715EC72AB47DED7809"
      },
      "rec_288":{ "type": "str", "ver": "0",
        "data": "1011F000B6C6B9E626387DF6883F8849DE4D33EA23"
      },
      "rec_289":{ "type": "str", "ver": "0",
        "data": "101200009EDD7567FB767BE11F9B6173F487A4BE4F"
      },
      "rec_290":{ "type": "str", "ver": "0",
        "data": "1012100046A494114B101F982695DD0CCAC8EDDA30"
      },
      "rec_291":{ "type": "str", "ver": "0",
        "data": "1012200000DBFAC5B1D2D466D1F8C2AF3446AF6C98"
      },
      "rec_292":{ "type": "str", "ver": "0",
        "data": "101230001432D50C33CA20D845FB497401CB47037F"
      },
      "rec_293":{ "type": "str", "ver": "0",
        "data": "10124000BF48AC845F0EBCBDDF347A5CC9E5035691"
      },
      "rec_294":{ "type": "str", "ver": "0",
        "data": "101250008956BBE42A54101E54A28698D4AA2B1D8A"
      },
      "rec_295":{ "type": "str", "ver": "0",
        "data": "1012600067BE953108EAECFB83AFB7238D0E8FDCA8"
      },
      "rec_296":{ "type": "str", "ver": "0",
        "data": "1012700054D843DEAB4544EB0242903988FFBEC3ED"
      },
      "rec_297":{ "type": "str", "ver": "0",
        "data": "101280002ED2D96ACA29E616D89A3438013AB3FE62"
      },
      "rec_298":{ "type": "str", "ver": "0",
        "data": "101290007E23E6408BBA74301C50745213E47FE70F"
      },
      "rec_299":{ "type": "str", "ver": "0",
        "data": "1012A0003997F2A46F4306AE20EE29BBBFD21B08CC"
      },
      "rec_300":{ "type": "str", "ver": "0",
        "data": "1012B000205D396EF302F4279271B034006C088B14"
      },
      "rec_301":{ "type": "str", "ver": "0",
        "data": "1012C000CCBF6CC7161DB6F95396D2DB912FDF69E0"
      },
      "rec_302":{ "type": "str", "ver": "0",
        "data": "1012D0003BC3692DEBE9CB6BECDF399457AD155C63"
      },
      "rec_303":{ "type": "str", "ver": "0",
        "data": "1012E0005E2DB6CC453770B9061D075912A3E37EB3"
      },
      "rec_304":{ "type": "str", "ver": "0",
        "data": "1012F000A855D85ACF741E3048E3B5253E944EE326"
      },
      "rec_305":{ "type": "str", "ver": "0",
        "data": "101300007B50905368746843114EB223B3C83DC9F3"
      },
      "rec_306":{ "type": "str", "ver": "0",
        "data": "10131000B5F4ECE5A6F07BCB98DAC3CA25CE264B14"
      },
      "rec_307":{ "type": "str", "ver": "0",
        "data": "10132000EE7AEAF5E589B630182438D144D5069529"
      },
      "rec_308":{ "type": "str", "ver": "0",
        "data": "1013300031A2E9223C87F42563B54FCAED5FBA12AA"
      },
      "rec_309":{ "type": "str", "ver": "0",
        "data": "10134000C2A3FA041D402471233BCB9D55A2EF009C"
      },
      "rec_310":{ "type": "str", "ver": "0",
        "data": "101350004B9A8B561259F8CEF0EB831CA16DC9E362"
      },
      "rec_311":{ "type": "str", "ver": "0",
        "data": "10136000A29B3540138E580FBD34914577D0793EFE"
      },
      "rec_312":{ "type": "str", "ver": "0",
        "data": "10137000DE0F94ECF18564DE50AA6F10903A360FC0"
      },
      "rec_313":{ "type": "str", "ver": "0",
        "data": "10138000189EE60C4129D0DC73B89F1BF33175ED34"
      },
      "rec_314":{ "type": "str", "ver": "0",
        "data": "10139000C542677D5DD9DEFE52FC35E09F3EF9BD5A"
      },
      "rec_315":{ "type": "str", "ver": "0",
        "data": "1013A00080DF0AEFAFB34F4AF40E01844801A31D5A"
      },
      "rec_316":{ "type": "str", "ver": "0",
        "data": "1013B00013B123937D4828D3D1EB614A06401783AC"
      },
      "rec_317":{ "type": "str", "ver": "0",
        "data": "1013C000E932BC8E1EED26C995B105B66179490B8F"
      },
      "rec_318":{ "type": "str", "ver": "0",
        "data": "1013D000D8AE79851AA89BF87EF024D8FC1B5E9DB8"
      },
      "rec_319":{ "type": "str", "ver": "0",
        "data": "1013E000C2A60A4361949D6E11ABCE7122FEA1E3A9"
      },
      "rec_320":{ "type": "str", "ver": "0",
        "data": "1013F0009062A0167D2C282B1312E55174FF2E72DB"
      },
      "rec_321":{ "type": "str", "ver": "0",
        "data": "1014000031108721D2EBFA6C03F090E391BC86890E"
      },
      "rec_322":{ "type": "str", "ver": "0",
        "data": "101410006B8C42E6BAE256D9B5E794B9B2CD14B4B2"
      },
      "rec_323":{ "type": "str", "ver": "0",
        "data": "10142000C8D94473D41EA15301298BC5CEB2BB19B0"
      },
      "rec_324":{ "type": "str", "ver": "0",
        "data": "1014300013F66C6CE2D22802A7C4EF2567F683ACE2"
      },
      "rec_325":{ "type": "str", "ver": "0",
        "data": "10144000417D3CD51EE9668E4507CA5A6D77259CBD"
      },
      "rec_326":{ "type": "str", "ver": "0",
        "data": "1014500034DB700AE61FD3747C87A6826AF4171700"
      },
      "rec_327":{ "type": "str", "ver": "0",
        "data": "101460004B5EBCA38538EB2002460F8309DC651870"
      },
      "rec_328":{ "type": "str", "ver": "0",
        "data": "1014700025498BE410D3D049A202E8D55D1A44CAAD"
      },
      "rec_329":{ "type": "str", "ver": "0",
        "data": "1014800063F9E813A240D208876F4C25F29639E43D"
      },
      "rec_330":{ "type": "str", "ver": "0",
        "data": "101490005599530C8ACFA0F970451282DA6E0F7EEF"
      },
      "rec_331":{ "type": "str", "ver": "0",
        "data": "1014A000DD0A5583ED89A4EE98744016E1A5E504A4"
      },
      "rec_332":{ "type": "str", "ver": "0",
        "data": "1014B0007ECB194A1A320BBEF2185C6588DF6DAF1D"
      },
      "rec_333":{ "type": "str", "ver": "0",
        "data": "1014C00082E9FD5700E0D1DAECE2DDDA546B9326D5"
      },
      "rec_334":{ "type": "str", "ver": "0",
        "data": "1014D00069D6DA776545ED2337235BBE8A8B8E1D8F"
      },
      "rec_335":{ "type": "str", "ver": "0",
        "data": "1014E0005D486346F5FE89C7534F2C0BEDE520DEC2"
      },
      "rec_336":{ "type": "str", "ver": "0",
        "data": "1014F000C2C3D5726EEFCF533869572772023A8054"
      },
      "rec_337":{ "type": "str", "ver": "0",
        "data": "1015000004E6C9EF65DB540BE81DEBCB6FFAB9C6F7"
      },
      "rec_338":{ "type": "str", "ver": "0",
        "data": "101510001CA83FA06AD880865A9C0E2A4740D1D783"
      },
      "rec_339":{ "type": "str", "ver": "0",
        "data": "101520002EBBC26BF401CB50CC8895DBE973241C35"
      },
      "rec_340":{ "type": "str", "ver": "0",
        "data": "1015300076952F0EA4A5FD8AD63B928D7678575FBF"
      },
      "rec_341":{ "type": "str", "ver": "0",
        "data": "10154000B9B7910EB6665389FA7A79B74DE19D0421"
      },
      "rec_342":{ "type": "str", "ver": "0",
        "data": "10155000B6F07F12005E6578561697B9F37477C3BC"
      },
      "rec_343":{ "type": "str", "ver": "0",
        "data": "10156000F887E30201719CC25582507AAD4FECE1DD"
      },
      "rec_344":{ "type": "str", "ver": "0",
        "data": "101570002D1E6AC008882544792C1E15CA000D72DC"
      },
      "rec_345":{ "type": "str", "ver": "0",
        "data": "1015800043F5F6E04B9D3685A5CD766E15AE7B51C5"
      },
      "rec_346":{ "type": "str", "ver": "0",
        "data": "101590005351EA13F540CB29BCDDE0FC9C003CF044"
      },
      "rec_347":{ "type": "str", "ver": "0",
        "data": "1015A00060F41CD3FFC5E2E42BFE3AA64A8D94B04A"
      },
      "rec_348":{ "type": "str", "ver": "0",
        "data": "1015B000ECE2A4ACB747C0F9B71D279B554CA3324A"
      },
      "rec_349":{ "type": "str", "ver": "0",
        "data": "1015C000F517F26C9EE3777D6EDA2A638E7C14D970"
      },
      "rec_350":{ "type": "str", "ver": "0",
        "data": "1015D000C22BE517A2ADDE79D502B5314F5B76514E"
      },
      "rec_351":{ "type": "str", "ver": "0",
        "data": "1015E00024B963801A9AAD5BB1B31C89715A6A51F0"
      },
      "rec_352":{ "type": "str", "ver": "0",
        "data": "1015F00055B7C56808CC9A0C01DB58D7FFD7B5762C"
      },
      "rec_353":{ "type": "str", "ver": "0",
        "data": "101600001D5D248FA40E5603F7642D523E578CDACD"
      },
      "rec_354":{ "type": "str", "ver": "0",
        "data": "1016100003CEBB9F83AAF92F5D833E0F4E67A9902F"
      },
      "rec_355":{ "type": "str", "ver": "0",
        "data": "101620009382B2FEB621436EFA79E19EF62D6FA445"
      },
      "rec_356":{ "type": "str", "ver": "0",
        "data": "1016300054BA7723FF57C3AA0952B156983A4DCAF4"
      },
      "rec_357":{ "type": "str", "ver": "0",
        "data": "10164000A2C412B47942F2F593AF45449DB197C458"
      },
      "rec_358":{ "type": "str", "ver": "0",
        "data": "10165000FA899318FC9C4F71DF5E1B74342AE9925F"
      },
      "rec_359":{ "type": "str", "ver": "0",
        "data": "1016600042532026ED62FE23800BB0AA1B3F5DD7BC"
      },
      "rec_360":{ "type": "str", "ver": "0",
        "data": "10167000240EEF8D70A05879DC7F43BEC78229FD10"
      },
      "rec_361":{ "type": "str", "ver": "0",
        "data": "10168000AA8FB13607C655A0EB84AB718DF383BF2B"
      },
      "rec_362":{ "type": "str", "ver": "0",
        "data": "101690004A6D1588E952F5A0D2CAF3A5496650D320"
      },
      "rec_363":{ "type": "str", "ver": "0",
        "data": "1016A000212D1629A3715F7614C2A8BFB3B470B6FA"
      },
      "rec_364":{ "type": "str", "ver": "0",
        "data": "1016B0006E809FF0F2A89F015257CB53D218CAAB4D"
      },
      "rec_365":{ "type": "str", "ver": "0",
        "data": "1016C000911D4366BB4E889B564D6B6129DC0B5DBB"
      },
      "rec_366":{ "type": "str", "ver": "0",
        "data": "1016D0008CAA23923BEF831AE4F38BFDF9B3A0AEFF"
      },
      "rec_367":{ "type": "str", "ver": "0",
        "data": "1016E000924F54534A8B33C9C269C7087B750B8923"
      },
      "rec_368":{ "type": "str", "ver": "0",
        "data": "1016F0005F1D72DCF9F13F4F1FA9DA7050E25DA265"
      },
      "rec_369":{ "type": "str", "ver": "0",
        "data": "10170000A916E79E6588956FF61F1B813E2BE83B67"
      },
      "rec_370":{ "type": "str", "ver": "0",
        "data": "10171000A83F38F8E3341531CB7F71253CADF2C1D9"
      },
      "rec_371":{ "type": "str", "ver": "0",
        "data": "1017200025DAC90525A259F15CD121E71143C2B4DC"
      },
      "rec_372":{ "type": "str", "ver": "0",
        "data": "101730003BA809D37C7A1F22FE61E658E6D918B58A"
      },
      "rec_373":{ "type": "str", "ver": "0",
        "data": "1017400007A437A668745F329D19456461A3D7ADBD"
      },
      "rec_374":{ "type": "str", "ver": "0",
        "data": "1017500097B01D27239A49FE4C8C4CACBA9C0209C9"
      },
      "rec_375":{ "type": "str", "ver": "0",
        "data": "10176000585FA9B3783A642BC001962DE48808F736"
      },
      "rec_376":{ "type": "str", "ver": "0",
        "data": "101770001680E72545D9AAC9B95D43F85ED7E217B7"
      },
      "rec_377":{ "type": "str", "ver": "0",
        "data": "10178000026F4E022041FC850150925D5B0EFA6BA8"
      },
      "rec_378":{ "type": "str", "ver": "0",
        "data": "101790004D2D2CC94DA3DBF1D5F4DCA5FCB7BA2D3A"
      },
      "rec_379":{ "type": "str", "ver": "0",
        "data": "1017A00059BF4BFBC4A95C2A8C4FE5547A550CA851"
      },
      "rec_380":{ "type": "str", "ver": "0",
        "data": "1017B000908CE3C244C65F21D0261A5CA305123682"
      },
      "rec_381":{ "type": "str", "ver": "0",
        "data": "1017C00042D5226B250039A0D1DE20485A642C5E18"
      },
      "rec_382":{ "type": "str", "ver": "0",
        "data": "1017D000634403170F83CCBF20680FE29EA6F9FB7A"
      },
      "rec_383":{ "type": "str", "ver": "0",
        "data": "1017E0003E19A90C9764598D8B80EFFE63AAC0E562"
      },
      "rec_384":{ "type": "str", "ver": "0",
        "data": "1017F000D3F53F53BC466730115D74CD59384ED098"
      },
      "rec_385":{ "type": "str", "ver": "0",
        "data": "10180000CCC1D1D3D2412D0BC02FB1A06F2D2D3E15"
      },
      "rec_386":{ "type": "str", "ver": "0",
        "data": "101810000E3261E53C387C3D7AA4E23AE70A1913BE"
      },
      "rec_387":{ "type": "str", "ver": "0",
        "data": "10182000BC5C0015B195FB7FF5FC4E7F54E2202691"
      },
      "rec_388":{ "type": "str", "ver": "0",
        "data": "10183000C56BA71A2E41917B39A2D77DBE18C38EE6"
      },
      "rec_389":{ "type": "str", "ver": "0",
        "data": "101840000E875E0E7E83FEB1D2B1B0616304DDDA35"
      },
      "rec_390":{ "type": "str", "ver": "0",
        "data": "101850004469FD2598C648F91AA6953142BB23DC98"
      },
      "rec_391":{ "type": "str", "ver": "0",
        "data": "10186000495763E2069D8F45DF1022F9E161D04EB2"
      },
      "rec_392":{ "type": "str", "ver": "0",
        "data": "10187000AEACF8C55C1F63032D37872366B09CECC4"
      },
      "rec_393":{ "type": "str", "ver": "0",
        "data": "1018800005AB85F4949A748C6238D4F78ED1707756"
      },
      "rec_394":{ "type": "str", "ver": "0",
        "data": "10189000E9429335E595F9C42A1F91B01FDF02058F"
      },
      "rec_395":{ "type": "str", "ver": "0",
        "data": "1018A000FD3DD466C2E576410634C54371FCED22A8"
      },
      "rec_396":{ "type": "str", "ver": "0",
        "data": "1018B000CA4AB4BF6AFB817E63D2C34CB2986C370C"
      },
      "rec_397":{ "type": "str", "ver": "0",
        "data": "1018C0005D2295C6941D26E63292A290A17B07A8C0"
      },
      "rec_398":{ "type": "str", "ver": "0",
        "data": "1018D000A70523D1DD58B2388863D82AF7EA839B5D"
      },
      "rec_399":{ "type": "str", "ver": "0",
        "data": "1018E0003AAEBE27F6BC0F357ECCA04A29926D9A3F"
      },
      "rec_400":{ "type": "str", "ver": "0",
        "data": "1018F000C88AE091A247D24567254F9E8AA5D10BA1"
      },
      "rec_401":{ "type": "str", "ver": "0",
        "data": "10190000E2E357570E120506E2F0071E759BA47F0F"
      },
      "rec_402":{ "type": "str", "ver": "0",
        "data": "101910001EF46D253B57E3C1E82FD139B05088D66E"
      },
      "rec_403":{ "type": "str", "ver": "0",
        "data": "101920007A137D7AC76BF850929A596AF663904C95"
      },
      "rec_404":{ "type": "str", "ver": "0",
        "data": "101930004FE63193030EB06527FED1424AC857BA2D"
      },
      "rec_405":{ "type": "str", "ver": "0",
        "data": "101940005A4BD2B1F255E4C668095C07E487E8480F"
      },
      "rec_406":{ "type": "str", "ver": "0",
        "data": "10195000BF39C6471CACCD49F56E8BF21EDCF1E7F2"
      },
      "rec_407":{ "type": "str", "ver": "0",
        "data": "101960004393BECD41527CC9BA7E47042FFB180772"
      },
      "rec_408":{ "type": "str", "ver": "0",
        "data": "101970002E2F71E4931206D4B86E45CDB9092D2CE3"
      },
      "rec_409":{ "type": "str", "ver": "0",
        "data": "10198000E753478555FAAE072CD1EFCCF99B6CA2F3"
      },
      "rec_410":{ "type": "str", "ver": "0",
        "data": "10199000BFC9DCC0913E212FB6CC46A445CAA1E701"
      },
      "rec_411":{ "type": "str", "ver": "0",
        "data": "1019A0009FA398A97320CF51987ED7294D09A0AA4B"
      },
      "rec_412":{ "type": "str", "ver": "0",
        "data": "1019B0005B702964E4FC2DE86D18EF37A81C719466"
      },
      "rec_413":{ "type": "str", "ver": "0",
        "data": "1019C0007C1810F2D1F4FFB5310002660D8BDC3DBE"
      },
      "rec_414":{ "type": "str", "ver": "0",
        "data": "1019D000C007DE4F74F09FE0BB676DAFEC133DA80E"
      },
      "rec_415":{ "type": "str", "ver": "0",
        "data": "1019E0004D2522AD2BDC61B6579C368EFAF80E32AF"
      },
      "rec_416":{ "type": "str", "ver": "0",
        "data": "1019F0001992EF3CA992C67138079228E7137EB07E"
      },
      "rec_417":{ "type": "str", "ver": "0",
        "data": "101A00001D2B08DB68CBCD490959D2E9620F650B64"
      },
      "rec_418":{ "type": "str", "ver": "0",
        "data": "101A1000B6DF18722F511C8C80BD7BD6136E23D17C"
      },
      "rec_419":{ "type": "str", "ver": "0",
        "data": "101A2000430F5231AE8F5D70DBEC54714A0F232CA3"
      },
      "rec_420":{ "type": "str", "ver": "0",
        "data": "101A30000AD71D5ED8765A174AF1EB9CC3B87E7B55"
      },
      "rec_421":{ "type": "str", "ver": "0",
        "data": "101A40008604D63B08B29E313B048EBE0473EC8CF8"
      },
      "rec_422":{ "type": "str", "ver": "0",
        "data": "101A50006FEAE635663CBA749A8D99B1C5A08EEDF1"
      },
      "rec_423":{ "type": "str", "ver": "0",
        "data": "101A60005916AD33AB5FB04680DC3AA57B80E05DB4"
      },
      "rec_424":{ "type": "str", "ver": "0",
        "data": "101A7000F47322FE07E5E6B266A09E0C344595AEEF"
      },
      "rec_425":{ "type": "str", "ver": "0",
        "data": "101A80005FDF1356FF9FC46A687F07C85EC44A5170"
      },
      "rec_426":{ "type": "str", "ver": "0",
        "data": "101A900052EC7447CB1EB36DB7205AB5C44646CA44"
      },
      "rec_427":{ "type": "str", "ver": "0",
        "data": "101AA000ABE824F832CD1BB34F1BE1F025814DFA92"
      },
      "rec_428":{ "type": "str", "ver": "0",
        "data": "101AB00051904220EE7C7C87DD8ACE3C307C143C09"
      },
      "rec_429":{ "type": "str", "ver": "0",
        "data": "101AC000DC74C64FF5C9D2B1F615120F6AEA6BD7AE"
      },
      "rec_430":{ "type": "str", "ver": "0",
        "data": "101AD0007C8779FB6DCC55E9CDB2E2B72F963BF20E"
      },
      "rec_431":{ "type": "str", "ver": "0",
        "data": "101AE0008C1A355FA0F98A5BF7EBEE56BD44CA9EAF"
      },
      "rec_432":{ "type": "str", "ver": "0",
        "data": "101AF000FE2EB8E095035EC357FA6DBEEB6FE3CEE2"
      },
      "rec_433":{ "type": "str", "ver": "0",
        "data": "101B00008DA626F542FFB585C226EFC1C29C0C0802"
      },
      "rec_434":{ "type": "str", "ver": "0",
        "data": "101B1000D10F9997F156CD275C76E566C9742BFEF7"
      },
      "rec_435":{ "type": "str", "ver": "0",
        "data": "101B200068289F0800D432DF626D6E89FCE43EBFF6"
      },
      "rec_436":{ "type": "str", "ver": "0",
        "data": "101B3000247412FDA56537AC00907A568C8CEB416D"
      },
      "rec_437":{ "type": "str", "ver": "0",
        "data": "101B40008298A8F6EF7C32678506F0F19B0D641B46"
      },
      "rec_438":{ "type": "str", "ver": "0",
        "data": "101B50005BA37971CD32217D9054D4CCFDA01D437F"
      },
      "rec_439":{ "type": "str", "ver": "0",
        "data": "101B60001C0C9DE4C529968FD5877AD18CC9F48D3C"
      },
      "rec_440":{ "type": "str", "ver": "0",
        "data": "101B7000DCCA6784DEB30A3AE45346C4620B07E961"
      },
      "rec_441":{ "type": "str", "ver": "0",
        "data": "101B80008AD5BCA5B42731758EAF66ADA377DA8E42"
      },
      "rec_442":{ "type": "str", "ver": "0",
        "data": "101B900041E550B0E2487E4F6293F0510B97427797"
      },
      "rec_443":{ "type": "str", "ver": "0",
        "data": "101BA000853DCB78C2A4C720FBD30B7A8F94B1A11B"
      },
      "rec_444":{ "type": "str", "ver": "0",
        "data": "101BB000548796A74A09E401BBE2F8F0645D1F85EB"
      },
      "rec_445":{ "type": "str", "ver": "0",
        "data": "101BC0006AFD1F33ADE415371E180E5C693EC9DE91"
      },
      "rec_446":{ "type": "str", "ver": "0",
        "data": "101BD00002F75B1352D8464617E2C6A9D531B803BF"
      },
      "rec_447":{ "type": "str", "ver": "0",
        "data": "101BE000ED7516762069CA61A996AA757B632B13D9"
      },
      "rec_448":{ "type": "str", "ver": "0",
        "data": "101BF000030326EE2DC72BCBF2C3BF8F1A28DDDDE2"
      },
      "rec_449":{ "type": "str", "ver": "0",
        "data": "101C000094F88262668AAD564D65CD8020FC7FEFE8"
      },
      "rec_450":{ "type": "str", "ver": "0",
        "data": "101C1000853F17F444F86A61C3ACF42AE6246144B2"
      },
      "rec_451":{ "type": "str", "ver": "0",
        "data": "101C2000A89F87F44CE4448E7026CD3EA4F0089320"
      },
      "rec_452":{ "type": "str", "ver": "0",
        "data": "101C30000EDF61F84E84AB6F4D0FC2332A9E0E2526"
      },
      "rec_453":{ "type": "str", "ver": "0",
        "data": "101C400095840E088C7313AABDFD16A155265D1050"
      },
      "rec_454":{ "type": "str", "ver": "0",
        "data": "101C50003D9FAE06CBA6AFEA9865A632389AF6FB52"
      },
      "rec_455":{ "type": "str", "ver": "0",
        "data": "101C60005082D3F3772C8CAAEDE9E1423425D702D8"
      },
      "rec_456":{ "type": "str", "ver": "0",
        "data": "101C7000893ED1C7503EEA60C9BA8EDAD10FF996D3"
      },
      "rec_457":{ "type": "str", "ver": "0",
        "data": "101C8000D37549D6D0B464F18BB4F0C67578136AB5"
      },
      "rec_458":{ "type": "str", "ver": "0",
        "data": "101C900016EE24719B817EFBB5D73F8AF3622FBA83"
      },
      "rec_459":{ "type": "str", "ver": "0",
        "data": "101CA000FC19626804D53E0DE64B2F592E94E30FC4"
      },
      "rec_460":{ "type": "str", "ver": "0",
        "data": "101CB000939AF00F77DD4DD2DEF75087C7E764C403"
      },
      "rec_461":{ "type": "str", "ver": "0",
        "data": "101CC0008661FC1752AC217EAA3D3EBA7AC7BCE0C1"
      },
      "rec_462":{ "type": "str", "ver": "0",
        "data": "101CD0004B01FC1A18CB49DB421A04235A3F23A6B6"
      },
      "rec_463":{ "type": "str", "ver": "0",
        "data": "101CE00095E77B041E797536A62109C6F537A8E766"
      },
      "rec_464":{ "type": "str", "ver": "0",
        "data": "101CF000724D80A08E354720775BC4D3887E4A42E0"
      },
      "rec_465":{ "type": "str", "ver": "0",
        "data": "101D0000F704C1F8A86BD260EF9D1822012A6CA8D5"
      },
      "rec_466":{ "type": "str", "ver": "0",
        "data": "101D1000CD9234819E20078995DC5577A99CBD0D15"
      },
      "rec_467":{ "type": "str", "ver": "0",
        "data": "101D20004035CD97A2DEBA8D24FFF0E1A037001632"
      },
      "rec_468":{ "type": "str", "ver": "0",
        "data": "101D3000A0A7A70F54EF62E6556E8737F7E13E156F"
      },
      "rec_469":{ "type": "str", "ver": "0",
        "data": "101D4000266B61CF1B00B91D474F8ED685242D9879"
      },
      "rec_470":{ "type": "str", "ver": "0",
        "data": "101D500014D4E9B8820F289608D0FD1B8CF117D750"
      },
      "rec_471":{ "type": "str", "ver": "0",
        "data": "101D60003FAA5AE87AFB7F73A3A9B18B08336C664C"
      },
      "rec_472":{ "type": "str", "ver": "0",
        "data": "101D70003AA492EF30AA62862BBDA39B21D502BF65"
      },
      "rec_473":{ "type": "str", "ver": "0",
        "data": "101D8000B20387738C24250D826D1148001A71F5FA"
      },
      "rec_474":{ "type": "str", "ver": "0",
        "data": "101D9000BBAA78A25433A880B14DC10CE7513D0FC6"
      },
      "rec_475":{ "type": "str", "ver": "0",
        "data": "101DA0009FD4074F07120F8F14AB2FA1503773AD7D"
      },
      "rec_476":{ "type": "str", "ver": "0",
        "data": "101DB0002F028461D938B78753F4DCCC0575647E73"
      },
      "rec_477":{ "type": "str", "ver": "0",
        "data": "101DC000264A7F233118F71CD1096C3D74BAB8D06C"
      },
      "rec_478":{ "type": "str", "ver": "0",
        "data": "101DD0001872F6964A618F8349CFE282AF773F87C8"
      },
      "rec_479":{ "type": "str", "ver": "0",
        "data": "101DE000A093612C9A91C6C71CC920C551EF1F074B"
      },
      "rec_480":{ "type": "str", "ver": "0",
        "data": "101DF000CF3D96A94C0263A1D0BF5771FEC3F96CC9"
      },
      "rec_481":{ "type": "str", "ver": "0",
        "data": "101E000095713B326A575DD59588E91ACDBB0919A2"
      },
      "rec_482":{ "type": "str", "ver": "0",
        "data": "101E10005B926ED4C1E9491903EFE81E6C11179467"
      },
      "rec_483":{ "type": "str", "ver": "0",
        "data": "101E200032010D699051AAB92F7210AACEDE908BA3"
      },
      "rec_484":{ "type": "str", "ver": "0",
        "data": "101E300042140B6382A534D0FE9EE2094EB07B892A"
      },
      "rec_485":{ "type": "str", "ver": "0",
        "data": "101E400040D9BD435B0D7B33EB990AAAD7CFD8EFBE"
      },
      "rec_486":{ "type": "str", "ver": "0",
        "data": "101E5000BF5E75F81EEC6E4ABB551B6DEEB58CAEC1"
      },
      "rec_487":{ "type": "str", "ver": "0",
        "data": "101E600019A8479921D0F57C39235D0BD9C0128F71"
      },
      "rec_488":{ "type": "str", "ver": "0",
        "data": "101E70002340C8B24CC0F72AF223D6E90764C7D77B"
      },
      "rec_489":{ "type": "str", "ver": "0",
        "data": "101E8000A4D37AF0825D8D48535C590D50AF66BD86"
      },
      "rec_490":{ "type": "str", "ver": "0",
        "data": "101E900019E45696BEC1C0394637442A89F1388ABA"
      },
      "rec_491":{ "type": "str", "ver": "0",
        "data": "101EA000E6852E254EFA099513AFCBA5038C2DCFD1"
      },
      "rec_492":{ "type": "str", "ver": "0",
        "data": "101EB0008F9FB9F95A6715B29B9AD0EFB526C7E73D"
      },
      "rec_493":{ "type": "str", "ver": "0",
        "data": "101EC000C3E987550B160578F84AB9D235D1CF301A"
      },
      "rec_494":{ "type": "str", "ver": "0",
        "data": "101ED00088D30BB9FF1149F85079C5AF65420A089C"
      },
      "rec_495":{ "type": "str", "ver": "0",
        "data": "101EE000C87E9D09B8F50DDEF581DE1DBACFAAA327"
      },
      "rec_496":{ "type": "str", "ver": "0",
        "data": "101EF0003210AEBE5692DFC5DF1891F19775F55CD2"
      },
      "rec_497":{ "type": "str", "ver": "0",
        "data": "101F00000192C470FB928FE040089D0C2810E2E51E"
      },
      "rec_498":{ "type": "str", "ver": "0",
        "data": "101F1000F9781D38FD4BA80EE975BF720CC6FE9E00"
      },
      "rec_499":{ "type": "str", "ver": "0",
        "data": "101F20008AB8D0CCD8603F969F2C55607D797FBD14"
      },
      "rec_500":{ "type": "str", "ver": "0",
        "data": "101F300047D49DA8E82DB4FA0DB3657E54FB6C42DE"
      },
      "rec_501":{ "type": "str", "ver": "0",
        "data": "101F4000B88762622389539422765C6135080CACB1"
      },
      "rec_502":{ "type": "str", "ver": "0",
        "data": "101F50009E33D8C070712E1E2D7ACA852376F6FA6C"
      },
      "rec_503":{ "type": "str", "ver": "0",
        "data": "101F6000504A5AF606A50C3BEA1ED8900D4B6B4F13"
      },
      "rec_504":{ "type": "str", "ver": "0",
        "data": "101F7000D11FBCA3411A3DEACCB25162CD6A53F2E3"
      },
      "rec_505":{ "type": "str", "ver": "0",
        "data": "101F800057FFD1999565A5B18754B770A194CD60DD"
      },
      "rec_506":{ "type": "str", "ver": "0",
        "data": "101F9000AAC6ACB1E7652120786FDDE4D437D599C6"
      },
      "rec_507":{ "type": "str", "ver": "0",
        "data": "101FA000AA89603C4B5AAAC701FF8B0B9BD08E4578"
      },
      "rec_508":{ "type": "str", "ver": "0",
        "data": "101FB000CDFDCE6DFAEED65F4C211BCECB2785A989"
      },
      "rec_509":{ "type": "str", "ver": "0",
        "data": "101FC0002946C306504F6CF7781C50F84AAADADD50"
      },
      "rec_510":{ "type": "str", "ver": "0",
        "data": "101FD000746FA694D62590F54630A503D55B9F84F3"
      },
      "rec_511":{ "type": "str", "ver": "0",
        "data": "101FE000873131E8A5B9646C52438907789F8F85A2"
      },
      "rec_512":{ "type": "str", "ver": "0",
        "data": "101FF0008C723087DB9056145A82CBE5C8A7910EBD"
      },
      "rec_513":{ "type": "str", "ver": "0",
        "data": "1020000068B55887F000938B4F7AB478F3ED12E5FA"
      },
      "rec_514":{ "type": "str", "ver": "0",
        "data": "102010009E5AC393A0791FAD5B0934579151A3ED2C"
      },
      "rec_515":{ "type": "str", "ver": "0",
        "data": "102020007A5E8CB98BE94144B12C7DB05956009F42"
      },
      "rec_516":{ "type": "str", "ver": "0",
        "data": "10203000B87B3C88336B190A1E9FFB757805697A5B"
      },
      "rec_517":{ "type": "str", "ver": "0",
        "data": "10204000E1294CA3CD961DC5EB24BA928D23692AB4"
      },
      "rec_518":{ "type": "str", "ver": "0",
        "data": "1020500090D549631A2A237D21BC2AD81855D48DDE"
      },
      "rec_519":{ "type": "str", "ver": "0",
        "data": "1020600097F0C5B3B3BFA6E1BA06C14006626DA042"
      },
      "rec_520":{ "type": "str", "ver": "0",
        "data": "102070001B2B0F40D0859758B0DB0A5963E45FF003"
      },
      "rec_521":{ "type": "str", "ver": "0",
        "data": "1020800009BE294B9C9420B3ABBD5A60A4360553BE"
      },
      "rec_522":{ "type": "str", "ver": "0",
        "data": "10209000E4B5BD54B188161D63057B6F287BE17ADA"
      },
      "rec_523":{ "type": "str", "ver": "0",
        "data": "1020A00075B8DA6BE92ED27C222A26FD018C2CD160"
      },
      "rec_524":{ "type": "str", "ver": "0",
        "data": "1020B00009D4B56D413D414D6150407BE45FCAB3E9"
      },
      "rec_525":{ "type": "str", "ver": "0",
        "data": "1020C000585C6ACF2F472AD9A5EC2FD1F711B862F7"
      },
      "rec_526":{ "type": "str", "ver": "0",
        "data": "1020D00034EAF7E5D5C00DAD57D57C15A933DB4DF6"
      },
      "rec_527":{ "type": "str", "ver": "0",
        "data": "1020E000AB6EC5C2A877F794E0266673892C6B3F68"
      },
      "rec_528":{ "type": "str", "ver": "0",
        "data": "1020F000C3209FF0FC8899949EB7C865773B49D66A"
      },
      "rec_529":{ "type": "str", "ver": "0",
        "data": "10210000BD675ADBE35C8ECC67E4FC3E8A287B2209"
      },
      "rec_530":{ "type": "str", "ver": "0",
        "data": "10211000615EF0718DD82B2191F333488B2D25CF43"
      },
      "rec_531":{ "type": "str", "ver": "0",
        "data": "10212000D1A8807E98721C795BBF517B583744DA06"
      },
      "rec_532":{ "type": "str", "ver": "0",
        "data": "10213000DA37535E4A929B0EDA7F20EBEF473C83FF"
      },
      "rec_533":{ "type": "str", "ver": "0",
        "data": "10214000637F4AD57439E5D573EC9F19ACD3AF12D0"
      },
      "rec_534":{ "type": "str", "ver": "0",
        "data": "10215000779643B25923518308F4B8CCB3D1DE3D0E"
      },
      "rec_535":{ "type": "str", "ver": "0",
        "data": "10216000ACDD5D8ED4FB59F86E7E007D8667CA0AB1"
      },
      "rec_536":{ "type": "str", "ver": "0",
        "data": "10217000A3FDE939F0624BBE83F5630C2DCA9DE4E3"
      },
      "rec_537":{ "type": "str", "ver": "0",
        "data": "102180008028CF812E36A075276A6B1925E5C815E2"
      },
      "rec_538":{ "type": "str", "ver": "0",
        "data": "1021900090E112E184D708153362BC1D529A9C7BF2"
      },
      "rec_539":{ "type": "str", "ver": "0",
        "data": "1021A00068F0C2C4FF5C7C0068F1150CD617852F5F"
      },
      "rec_540":{ "type": "str", "ver": "0",
        "data": "1021B0003A7C98FC2198051BFC977E5E1ACFDEA125"
      },
      "rec_541":{ "type": "str", "ver": "0",
        "data": "1021C0005644B5BC1AFB4DA5D2C468DB27328CC778"
      },
      "rec_542":{ "type": "str", "ver": "0",
        "data": "1021D00036F60772CFCE513DDF5B464E327E1AA6F1"
      },
      "rec_543":{ "type": "str", "ver": "0",
        "data": "1021E000230F1F5F7B927E6F016EB4A38644E81DB0"
      },
      "rec_544":{ "type": "str", "ver": "0",
        "data": "1021F000EDAFDF76A25D2994602DF9D69338C9E65C"
      },
      "rec_545":{ "type": "str", "ver": "0",
        "data": "10220000A6A143A999862B562BC050BFAD9151E68C"
      },
      "rec_546":{ "type": "str", "ver": "0",
        "data": "1022100070CE56A83D3CF059FB97D783862A1E12F4"
      },
      "rec_547":{ "type": "str", "ver": "0",
        "data": "102220008C2A74C81B5CF79F98D59164CAE17092A0"
      },
      "rec_548":{ "type": "str", "ver": "0",
        "data": "10223000912B1BC3515B3A74A9A4F45DC19C9F0B05"
      },
      "rec_549":{ "type": "str", "ver": "0",
        "data": "102240008E27661AE4EABB69127B92C27F11439122"
      },
      "rec_550":{ "type": "str", "ver": "0",
        "data": "102250001F1FCA6A04AD16EC5C3E60689B8058B5CF"
      },
      "rec_551":{ "type": "str", "ver": "0",
        "data": "102260003BAB03E8E6E4A6F2E503EF41832D35C17D"
      },
      "rec_552":{ "type": "str", "ver": "0",
        "data": "1022700095AF6EB3AB03510DA7CE382FAD777EEA85"
      },
      "rec_553":{ "type": "str", "ver": "0",
        "data": "102280003AAA4B7F01E599D3870B8C736718BA1173"
      },
      "rec_554":{ "type": "str", "ver": "0",
        "data": "1022900015D4F61CB5DD070490EEDA550407ADD071"
      },
      "rec_555":{ "type": "str", "ver": "0",
        "data": "1022A000BFAC5FF9833F464E0646D2CCCC4113E328"
      },
      "rec_556":{ "type": "str", "ver": "0",
        "data": "1022B000E23988F86909FA32B7EC80670BCC584FDD"
      },
      "rec_557":{ "type": "str", "ver": "0",
        "data": "1022C000FA07E02CFAD136CAE2A7B4E627FAFDF8FD"
      },
      "rec_558":{ "type": "str", "ver": "0",
        "data": "1022D000909BF669D160F799040CEC7567226188D0"
      },
      "rec_559":{ "type": "str", "ver": "0",
        "data": "1022E0009FCA0A9B913F9E15A025AD88D36C4D3C9B"
      },
      "rec_560":{ "type": "str", "ver": "0",
        "data": "1022F00012D169C7F386F76BC410B0C9B8FB98EF69"
      },
      "rec_561":{ "type": "str", "ver": "0",
        "data": "102300007809539FF2B6B76FB8A4FAEC53925BAB5F"
      },
      "rec_562":{ "type": "str", "ver": "0",
        "data": "10231000D638C6B653311C7B003C66EEA77300C6A8"
      },
      "rec_563":{ "type": "str", "ver": "0",
        "data": "10232000C9430A5235D3A9DAD448C2F630CB008665"
      },
      "rec_564":{ "type": "str", "ver": "0",
        "data": "10233000A40B718E1C70DFDBF4783944BAC3EEA2B3"
      },
      "rec_565":{ "type": "str", "ver": "0",
        "data": "102340005D08419EC1E652C203F07DCA07B046EF68"
      },
      "rec_566":{ "type": "str", "ver": "0",
        "data": "1023500001BCD1514FCCB40188ECF136B72A60F7FB"
      },
      "rec_567":{ "type": "str", "ver": "0",
        "data": "10236000B10CD9078B740504BB6B8D0D96C11F2E64"
      },
      "rec_568":{ "type": "str", "ver": "0",
        "data": "102370003F3FBC295F346ABA93F208A04A85F565ED"
      },
      "rec_569":{ "type": "str", "ver": "0",
        "data": "1023800024E9C370C64C1E0500F91C13C7BC053BED"
      },
      "rec_570":{ "type": "str", "ver": "0",
        "data": "102390001473226C4889F3FF5A224562A2F1893DE9"
      },
      "rec_571":{ "type": "str", "ver": "0",
        "data": "1023A000A20212DD8D87DEC2115678CB7817AD35CB"
      },
      "rec_572":{ "type": "str", "ver": "0",
        "data": "1023B000BA36508E17996971DBD4846C267888FE02"
      },
      "rec_573":{ "type": "str", "ver": "0",
        "data": "1023C000EE5433BFCC654D5CD1E3D838DF38DAAE9C"
      },
      "rec_574":{ "type": "str", "ver": "0",
        "data": "1023D000F98735E881F3D1642739547B5D0184F3B3"
      },
      "rec_575":{ "type": "str", "ver": "0",
        "data": "1023E00085233FD7B6D9C7563117EFC2CC2BDD4175"
      },
      "rec_576":{ "type": "str", "ver": "0",
        "data": "1023F00043654468391E59238C6DC091FEBC1CADE9"
      },
      "rec_577":{ "type": "str", "ver": "0",
        "data": "10240000F6F8E1D9CF07E5E85A6AE592E84C61644D"
      },
      "rec_578":{ "type": "str", "ver": "0",
        "data": "10241000E42E50E0F379523F1D57A9933A09BD3E8F"
      },
      "rec_579":{ "type": "str", "ver": "0",
        "data": "10242000DB5ACAA63C4A41E4E77041ECB4B0FF7005"
      },
      "rec_580":{ "type": "str", "ver": "0",
        "data": "102430000CADA8D1C31F0BE363040030354E30C888"
      },
      "rec_581":{ "type": "str", "ver": "0",
        "data": "10244000BEC2FC9784E1F660EAA661E3922BEADB68"
      },
      "rec_582":{ "type": "str", "ver": "0",
        "data": "10245000E48FE73B7986B668478E5A14010F245DF6"
      },
      "rec_583":{ "type": "str", "ver": "0",
        "data": "10246000AC9C28B007F12D98AF701668093171E85F"
      },
      "rec_584":{ "type": "str", "ver": "0",
        "data": "1024700001962CDD99A797B8C96C580683851192EF"
      },
      "rec_585":{ "type": "str", "ver": "0",
        "data": "10248000812CC962EAFE0933B6A70A486879D97077"
      },
      "rec_586":{ "type": "str", "ver": "0",
        "data": "1024900054BC0D4FAE9EDEFD2023CF9AA1CD738696"
      },
      "rec_587":{ "type": "str", "ver": "0",
        "data": "1024A000455378D93CC8C5507EE08955812DCD7BF8"
      },
      "rec_588":{ "type": "str", "ver": "0",
        "data": "1024B00036A7001DAC47AE3684C6A1C3F0568E8E3B"
      },
      "rec_589":{ "type": "str", "ver": "0",
        "data": "1024C000F2333403159D0AFFAE0379FB1B0426BCCF"
      },
      "rec_590":{ "type": "str", "ver": "0",
        "data": "1024D0002DB776DD806EF0DDE7BDA5611BBBFAECA4"
      },
      "rec_591":{ "type": "str", "ver": "0",
        "data": "1024E000D3CCA5502C4CD0AE2ECCFAE8127EDAF22A"
      },
      "rec_592":{ "type": "str", "ver": "0",
        "data": "1024F000C92E67DE6E82AE8EAAAFD7636C433F50A3"
      },
      "rec_593":{ "type": "str", "ver": "0",
        "data": "102500007AC917395A7D111993FA23754A300C6824"
      },
      "rec_594":{ "type": "str", "ver": "0",
        "data": "10251000F31F9C4AC2A90304C9152B406620920EE2"
      },
      "rec_595":{ "type": "str", "ver": "0",
        "data": "10252000553192BD7602E72D7FC281A9B2677C78D2"
      },
      "rec_596":{ "type": "str", "ver": "0",
        "data": "10253000622AE2E192BCE8DEADFA44DB9035D48F4A"
      },
      "rec_597":{ "type": "str", "ver": "0",
        "data": "102540001DB218F9D2B674102A9C2EA56B64E9F05E"
      },
      "rec_598":{ "type": "str", "ver": "0",
        "data": "102550001292C0A5909A6C78E4151DD868353F9901"
      },
      "rec_599":{ "type": "str", "ver": "0",
        "data": "1025600063A4FC0C3D7426701A408CEA534B7D5ECC"
      },
      "rec_600":{ "type": "str", "ver": "0",
        "data": "1025700075116D7A5B60BEE02B2251D3716E9BFCAE"
      },
      "rec_601":{ "type": "str", "ver": "0",
        "data": "10258000FE4B5555C40011180A99856A22A7DE92A0"
      },
      "rec_602":{ "type": "str", "ver": "0",
        "data": "102590002CF2A0FC30946B45C9AABE4345F8A2E5D5"
      },
      "rec_603":{ "type": "str", "ver": "0",
        "data": "1025A000F3D270D1FC258A97BC901D93353027C19A"
      },
      "rec_604":{ "type": "str", "ver": "0",
        "data": "1025B000A026BA207A757860B07A60EC06F2912293"
      },
      "rec_605":{ "type": "str", "ver": "0",
        "data": "1025C00098070503683AB62107B6D5A55AB9D92E9A"
      },
      "rec_606":{ "type": "str", "ver": "0",
        "data": "1025D0008802A994B7792C24B9389694196DF042E1"
      },
      "rec_607":{ "type": "str", "ver": "0",
        "data": "1025E000741748DB0625C913F143E92C784451DA06"
      },
      "rec_608":{ "type": "str", "ver": "0",
        "data": "1025F0008EDC5DE21963595B04E82C4B91F94BCA00"
      },
      "rec_609":{ "type": "str", "ver": "0",
        "data": "10260000720CD0B3EECBA25805F9A110E0FE2D510B"
      },
      "rec_610":{ "type": "str", "ver": "0",
        "data": "10261000A02298078E209D5203FA04551C359B99E1"
      },
      "rec_611":{ "type": "str", "ver": "0",
        "data": "10262000B86A3E5634B97E28EFBCB400C195CDCE11"
      },
      "rec_612":{ "type": "str", "ver": "0",
        "data": "102630003326EE2A8E99237ED298359541E12D29B5"
      },
      "rec_613":{ "type": "str", "ver": "0",
        "data": "102640000872BD84202D68FA78A33DC9C742677916"
      },
      "rec_614":{ "type": "str", "ver": "0",
        "data": "102650005A376E5CB411B3A1C061CBBB4DC5BD5D33"
      },
      "rec_615":{ "type": "str", "ver": "0",
        "data": "10266000962307E1B230E74AE29256CE588F2711FF"
      },
      "rec_616":{ "type": "str", "ver": "0",
        "data": "102670006143CF74AD1FBF0164F8A11CE7AB15E047"
      },
      "rec_617":{ "type": "str", "ver": "0",
        "data": "10268000E0DDBEA44F2D95BADBD22090F0A4B98630"
      },
      "rec_618":{ "type": "str", "ver": "0",
        "data": "102690004768CFE8BD96B493CA05BE416030774421"
      },
      "rec_619":{ "type": "str", "ver": "0",
        "data": "1026A0007AF6A767FAC7BE5AA0C9E15A24ACC35844"
      },
      "rec_620":{ "type": "str", "ver": "0",
        "data": "1026B000759BDDD92D66189B7F4EFC50F21D15CA07"
      },
      "rec_621":{ "type": "str", "ver": "0",
        "data": "1026C000E008E70A2CDAB10CDAEC1372E509EF4402"
      },
      "rec_622":{ "type": "str", "ver": "0",
        "data": "1026D000FAC15FE8B84AEBD77F5CF76F6E8F06EE02"
      },
      "rec_623":{ "type": "str", "ver": "0",
        "data": "1026E00070F2969BF30CE96775473296B3E7A0A9A1"
      },
      "rec_624":{ "type": "str", "ver": "0",
        "data": "1026F0001D7095D04FEE2D0D0BC99BF2C7D343C56E"
      },
      "rec_625":{ "type": "str", "ver": "0",
        "data": "10270000E820E4CEDB662A0CC828A3C6D4F63BEF4B"
      },
      "rec_626":{ "type": "str", "ver": "0",
        "data": "10271000A277AEBE942156FEDF8496F2EECE20491B"
      },
      "rec_627":{ "type": "str", "ver": "0",
        "data": "10272000B873EA97C23EB70BEDAA7B73DEB1F0F047"
      },
      "rec_628":{ "type": "str", "ver": "0",
        "data": "10273000290249B86CA290573074097479183B8209"
      },
      "rec_629":{ "type": "str", "ver": "0",
        "data": "10274000CB2F0C754889DBC523F27A6B78DAEC6AFB"
      },
      "rec_630":{ "type": "str", "ver": "0",
        "data": "10275000AE38DD8E4B942B72FF12DF4FF4962D2492"
      },
      "rec_631":{ "type": "str", "ver": "0",
        "data": "1027600058DE5F4264509F26A1F46A629F07A92445"
      },
      "rec_632":{ "type": "str", "ver": "0",
        "data": "102770000BD29FFE0B7C4F9AD7DF8442A2987D57E5"
      },
      "rec_633":{ "type": "str", "ver": "0",
        "data": "10278000D8259088532A564D28290DFAA627C6B376"
      },
      "rec_634":{ "type": "str", "ver": "0",
        "data": "10279000CED586E2F27402753362F34E7D35D6549F"
      },
      "rec_635":{ "type": "str", "ver": "0",
        "data": "1027A000125155A8134D282216E10A45BB917471A8"
      },
      "rec_636":{ "type": "str", "ver": "0",
        "data": "1027B00069F3666ED78BE86DF07732C3760E9212AE"
      },
      "rec_637":{ "type": "str", "ver": "0",
        "data": "1027C00093179174D76BA88B2FBC17E52B4422D499"
      },
      "rec_638":{ "type": "str", "ver": "0",
        "data": "1027D000BFC8C51AF5ECED2A3408F240E882629FC2"
      },
      "rec_639":{ "type": "str", "ver": "0",
        "data": "1027E0005E104E18CD1C5633F6CCC5B576B16E3E94"
      },
      "rec_640":{ "type": "str", "ver": "0",
        "data": "1027F00032C340D036C086456B50412C429CC4AA9F"
      },
      "rec_641":{ "type": "str", "ver": "0",
        "data": "10280000083FF3BFCCCE4AB5A3A4CD9D4F58BA55CF"
      },
      "rec_642":{ "type": "str", "ver": "0",
        "data": "10281000CAAEA5B2FDC230D07DB7FD6BC807C0CE31"
      },
      "rec_643":{ "type": "str", "ver": "0",
        "data": "102820005FA86A5CB386FEEC58EB9DA555D4479A29"
      },
      "rec_644":{ "type": "str", "ver": "0",
        "data": "102830003C1E919CA0C5BA3F61A3D33525E9EBBAF4"
      },
      "rec_645":{ "type": "str", "ver": "0",
        "data": "102840009AD175E7FD5762255579E8FF6DEDA78EA2"
      },
      "rec_646":{ "type": "str", "ver": "0",
        "data": "1028500000F69726840437B792847904FFF1D3EF0A"
      },
      "rec_647":{ "type": "str", "ver": "0",
        "data": "10286000FCC8F8F07D0BD40678E079ACCFB6DFB4C5"
      },
      "rec_648":{ "type": "str", "ver": "0",
        "data": "102870004603790AAACE1A52BD3859DE9CBB8C1089"
      },
      "rec_649":{ "type": "str", "ver": "0",
        "data": "102880005C57403CF0493FD3F772D8D4DB53434305"
      },
      "rec_650":{ "type": "str", "ver": "0",
        "data": "102890003A8EAA46034F931BCA2A22E32A8AF15191"
      },
      "rec_651":{ "type": "str", "ver": "0",
        "data": "1028A00017A644524B5D03CA8E8A35BAF3F615114A"
      },
      "rec_652":{ "type": "str", "ver": "0",
        "data": "1028B000C97B75EB3E36E78449137A0DF64738B489"
      },
      "rec_653":{ "type": "str", "ver": "0",
        "data": "1028C00043482F04F0B7813019F0F98FFD211EDA4B"
      },
      "rec_654":{ "type": "str", "ver": "0",
        "data": "1028D000708D0172CC7224F4EC0E9B686E423BF555"
      },
      "rec_655":{ "type": "str", "ver": "0",
        "data": "1028E000F2F4BD3AC414FEA77CFBECBED37055AB2A"
      },
      "rec_656":{ "type": "str", "ver": "0",
        "data": "1028F00042A71B0CD4A7558F8096D9EAAB7601A5C9"
      },
      "rec_657":{ "type": "str", "ver": "0",
        "data": "10290000C507E17C19FD49696A3BE43E0EC612F138"
      },
      "rec_658":{ "type": "str", "ver": "0",
        "data": "10291000A8AA6DD983C66EF613296027C7700492E2"
      },
      "rec_659":{ "type": "str", "ver": "0",
        "data": "10292000695361457E3F0651CD934201F04C93724D"
      },
      "rec_660":{ "type": "str", "ver": "0",
        "data": "10293000F8E6117E7478FB95715A807C0000CB1903"
      },
      "rec_661":{ "type": "str", "ver": "0",
        "data": "102940004374E949FE40152714C0F9D68A62A5AE42"
      },
      "rec_662":{ "type": "str", "ver": "0",
        "data": "102950009C2B1BCAA2DDA7216D2C541481BBDADF8E"
      },
      "rec_663":{ "type": "str", "ver": "0",
        "data": "1029600077A4391FD9F6CAD62E81C78803C14ED69F"
      },
      "rec_664":{ "type": "str", "ver": "0",
        "data": "10297000D3DD24CC9C8AF93234AB1D17439D91CF13"
      },
      "rec_665":{ "type": "str", "ver": "0",
        "data": "102980006C552A055FD07EA8053EFC2F1BF11A1757"
      },
      "rec_666":{ "type": "str", "ver": "0",
        "data": "1029900005AD7A7A948377B9E54CCDE1069FDFBF28"
      },
      "rec_667":{ "type": "str", "ver": "0",
        "data": "1029A000739A9951C09E2F29B12C422978DA1DE4DF"
      },
      "rec_668":{ "type": "str", "ver": "0",
        "data": "1029B000756972779255DAB1D9234BFA32242A43DA"
      },
      "rec_669":{ "type": "str", "ver": "0",
        "data": "1029C00063180753FC736B699B748847EB01738230"
      },
      "rec_670":{ "type": "str", "ver": "0",
        "data": "1029D0004173F07F80B520240F17F96D1607C66686"
      },
      "rec_671":{ "type": "str", "ver": "0",
        "data": "1029E0005956DDC0A2ED98A16E7C3F4C8D0CF60BC4"
      },
      "rec_672":{ "type": "str", "ver": "0",
        "data": "1029F00076663EEEF85F1B37DFD3FC71C5852AB0E3"
      },
      "rec_673":{ "type": "str", "ver": "0",
        "data": "102A00003BC9A99790BA706CFC947E3E4D64E7393F"
      },
      "rec_674":{ "type": "str", "ver": "0",
        "data": "102A1000CEE2DE1C64DBF4FDE23D3D4B255CB4AF51"
      },
      "rec_675":{ "type": "str", "ver": "0",
        "data": "102A2000DD9FFEA3E274E4728A04EFB079056117BA"
      },
      "rec_676":{ "type": "str", "ver": "0",
        "data": "102A3000E70AF81B1F214C55D56B4EC66EB9B589F8"
      },
      "rec_677":{ "type": "str", "ver": "0",
        "data": "102A40007945702585B804A0769AB047DE43F0C575"
      },
      "rec_678":{ "type": "str", "ver": "0",
        "data": "102A5000A783CFF8517A21EA72D3814A1A3B440CFA"
      },
      "rec_679":{ "type": "str", "ver": "0",
        "data": "102A6000E218BF2573635A341312C5A4E7BC42278A"
      },
      "rec_680":{ "type": "str", "ver": "0",
        "data": "102A700016BDBBFFF47F075F66FE1C5B4BF9C7CC3E"
      },
      "rec_681":{ "type": "str", "ver": "0",
        "data": "102A800002363F432C873E36800B307EC02241F217"
      },
      "rec_682":{ "type": "str", "ver": "0",
        "data": "102A90002B9EBB8DDB16DD3209CACD4D832B0B80FF"
      },
      "rec_683":{ "type": "str", "ver": "0",
        "data": "102AA000A9A54AAF8CBD5D0FB9837C66AA02E879FF"
      },
      "rec_684":{ "type": "str", "ver": "0",
        "data": "102AB00070F7AF2AF0DD42625729EB9919BF96D51E"
      },
      "rec_685":{ "type": "str", "ver": "0",
        "data": "102AC000C835C6B192C0ADA7442CEF417DA34A489A"
      },
      "rec_686":{ "type": "str", "ver": "0",
        "data": "102AD00015BDC89A3C27B815A776D5873273B2576B"
      },
      "rec_687":{ "type": "str", "ver": "0",
        "data": "102AE00099EA4F9A4D8107CD26EC2B96F6DA981D80"
      },
      "rec_688":{ "type": "str", "ver": "0",
        "data": "102AF000172D69FEED5B023DC89C05169131647E81"
      },
      "rec_689":{ "type": "str", "ver": "0",
        "data": "102B0000D6320F14FF5CEDE9B0FCE59BF0EE63DF1D"
      },
      "rec_690":{ "type": "str", "ver": "0",
        "data": "102B10004CB213407632FCE3819F9FED93ACF51BE2"
      },
      "rec_691":{ "type": "str", "ver": "0",
        "data": "102B2000EEDE395FE5D8327C79255993EF7FF8A244"
      },
      "rec_692":{ "type": "str", "ver": "0",
        "data": "102B30007F8B095F9279BFCD97266D6F9F84E89058"
      },
      "rec_693":{ "type": "str", "ver": "0",
        "data": "102B4000F914610CF071DF89FDDD5264C6E0D945EE"
      },
      "rec_694":{ "type": "str", "ver": "0",
        "data": "102B50000313B2C0FDE1B138488FA4787B8972B409"
      },
      "rec_695":{ "type": "str", "ver": "0",
        "data": "102B6000561A24637DA33321055345BCA8853C9B9D"
      },
      "rec_696":{ "type": "str", "ver": "0",
        "data": "102B7000C706DC26D0083DBD9314FE84AE2FF9A90C"
      },
      "rec_697":{ "type": "str", "ver": "0",
        "data": "102B800031AF1B221D677DF54B9707868521156B9D"
      },
      "rec_698":{ "type": "str", "ver": "0",
        "data": "102B90008CD4CCB3E4AADEDC2DF7DF7DEDB5C4E345"
      },
      "rec_699":{ "type": "str", "ver": "0",
        "data": "102BA0009E99CBA5AC99A9702D8E75F6EEF8573D80"
      },
      "rec_700":{ "type": "str", "ver": "0",
        "data": "102BB000099D16A34D02B9945444E8A36BC8C0B351"
      },
      "rec_701":{ "type": "str", "ver": "0",
        "data": "102BC000A7BECFB4DAF37FFB79D5D50EE1771EFD32"
      },
      "rec_702":{ "type": "str", "ver": "0",
        "data": "102BD000B8FD2FEDCA138967ED3C97AF447B99B9D7"
      },
      "rec_703":{ "type": "str", "ver": "0",
        "data": "102BE000C1BA89AD2A040991274622E0BBC8500822"
      },
      "rec_704":{ "type": "str", "ver": "0",
        "data": "102BF000FE627380077475F105AA385E66BFF19CAA"
      },
      "rec_705":{ "type": "str", "ver": "0",
        "data": "102C000011DB49BDA5257BE543C1966F1EAD199625"
      },
      "rec_706":{ "type": "str", "ver": "0",
        "data": "102C100033A227411B2E2EE6083D6F952D2E728E76"
      },
      "rec_707":{ "type": "str", "ver": "0",
        "data": "102C2000D5ED6A515920A65FA6F8B96237E87B72E4"
      },
      "rec_708":{ "type": "str", "ver": "0",
        "data": "102C3000F5DD67469E2B8B159B566C4793606D7731"
      },
      "rec_709":{ "type": "str", "ver": "0",
        "data": "102C40008E3180412784AC6FF625B634A82BDADCB0"
      },
      "rec_710":{ "type": "str", "ver": "0",
        "data": "102C5000726E4E7448B799CEB95CED33C6D3ACF8FA"
      },
      "rec_711":{ "type": "str", "ver": "0",
        "data": "102C60009D80777605DDC056DCA31F1CBC40E39237"
      },
      "rec_712":{ "type": "str", "ver": "0",
        "data": "102C7000A18EA0AFF7CBFCD308BF9720946B730550"
      },
      "rec_713":{ "type": "str", "ver": "0",
        "data": "102C8000E1439941A7256B29E6D62540FB45A4EFF2"
      },
      "rec_714":{ "type": "str", "ver": "0",
        "data": "102C900059B7F747126AA15E7CC53F0296F6133713"
      },
      "rec_715":{ "type": "str", "ver": "0",
        "data": "102CA00015E6A1F17099E3AFBD4F56CFFCDD352C91"
      },
      "rec_716":{ "type": "str", "ver": "0",
        "data": "102CB000DA0D3E9F74321997C8CBD4390CF458FF03"
      },
      "rec_717":{ "type": "str", "ver": "0",
        "data": "102CC000FCF2515C70F2A05982F00BB761EC22F07B"
      },
      "rec_718":{ "type": "str", "ver": "0",
        "data": "102CD00078FEE7BC056C5AFB38C4B99F97D7D3730D"
      },
      "rec_719":{ "type": "str", "ver": "0",
        "data": "102CE000686EE166D84D5764AF783BC909AEEF55C1"
      },
      "rec_720":{ "type": "str", "ver": "0",
        "data": "102CF0008C287FC2DD0ECBE13750E625DA6456E63C"
      },
      "rec_721":{ "type": "str", "ver": "0",
        "data": "102D0000F3786A22730C33322B53E9666847E49FE9"
      },
      "rec_722":{ "type": "str", "ver": "0",
        "data": "102D10002955FA5F4523A9DAC088E9DD494AD86D0B"
      },
      "rec_723":{ "type": "str", "ver": "0",
        "data": "102D2000C2FB4FA773297F894A633D373988450C19"
      },
      "rec_724":{ "type": "str", "ver": "0",
        "data": "102D3000840060F175FF5EA110CBE64BC7D7604CF5"
      },
      "rec_725":{ "type": "str", "ver": "0",
        "data": "102D40003A5A7B24A1F936A10372F99062AF14E0DC"
      },
      "rec_726":{ "type": "str", "ver": "0",
        "data": "102D5000EF6D462920B781B9A30EAD69CC66C1E1FC"
      },
      "rec_727":{ "type": "str", "ver": "0",
        "data": "102D6000640F69CDDB430B4AC1311002D3A54CF887"
      },
      "rec_728":{ "type": "str", "ver": "0",
        "data": "102D700099129F9F02FE854EA08D92EC4FE967E26B"
      },
      "rec_729":{ "type": "str", "ver": "0",
        "data": "04000005200000696E"
      },
      "rec_730":{ "type": "str", "ver": "0",
        "data": "00000001FF"
      }
    }
  }
}
